Representation,Model,Cleaning Method,Pearson r
ProtT5-XL,Ridge,Raw Data,0.4262058460315353
ProtT5-XL,XGBoost,Raw Data,0.4364824113710372
ProtT5-XL,SVR,Raw Data,0.4317202310674181
ProtT5-XL,MLP,Raw Data,0.3798795929671647
ProtT5-XL,Random Forest,Raw Data,0.413088990676405
ProtT5-XL,KNN,Raw Data,0.3961212678143305
ProtT5-XL,Ridge,Activity Cliffs,0.4462946179101405
ProtT5-XL,XGBoost,Activity Cliffs,0.4553920347281419
ProtT5-XL,SVR,Activity Cliffs,0.4482991330072207
ProtT5-XL,MLP,Activity Cliffs,0.4072137631543691
ProtT5-XL,Random Forest,Activity Cliffs,0.4626600913894512
ProtT5-XL,KNN,Activity Cliffs,0.4334730774218773
ProtT5-XL,Ridge,Huber Robust (15%),0.5478108832855573
ProtT5-XL,XGBoost,Huber Robust (15%),0.4770487781323873
ProtT5-XL,SVR,Huber Robust (15%),0.5103951739548276
ProtT5-XL,MLP,Huber Robust (15%),0.3586164146237587
ProtT5-XL,Random Forest,Huber Robust (15%),0.4804069925013446
ProtT5-XL,KNN,Huber Robust (15%),0.4470934398434052
ProtT5-XL,Ridge,Ensemble Variance (15%),0.4039396297051484
ProtT5-XL,XGBoost,Ensemble Variance (15%),0.4159358579463162
ProtT5-XL,SVR,Ensemble Variance (15%),0.4152319025530231
ProtT5-XL,MLP,Ensemble Variance (15%),0.3290079098719062
ProtT5-XL,Random Forest,Ensemble Variance (15%),0.4069980542717434
ProtT5-XL,KNN,Ensemble Variance (15%),0.3698393729503799
ESM-2 (650M),Ridge,Raw Data,0.4080017926093752
ESM-2 (650M),XGBoost,Raw Data,0.3902064561652762
ESM-2 (650M),SVR,Raw Data,0.2963952382925094
ESM-2 (650M),MLP,Raw Data,0.3507100363445877
ESM-2 (650M),Random Forest,Raw Data,0.3915408837772832
ESM-2 (650M),KNN,Raw Data,0.3374654201298546
ESM-2 (650M),Ridge,Activity Cliffs,0.4130068950533762
ESM-2 (650M),XGBoost,Activity Cliffs,0.4138774419388737
ESM-2 (650M),SVR,Activity Cliffs,0.3113903047304933
ESM-2 (650M),MLP,Activity Cliffs,0.3392485706895772
ESM-2 (650M),Random Forest,Activity Cliffs,0.4166041751692231
ESM-2 (650M),KNN,Activity Cliffs,0.3589136003411271
ESM-2 (650M),Ridge,Huber Robust (15%),0.4521460298599686
ESM-2 (650M),XGBoost,Huber Robust (15%),0.4231303966170278
ESM-2 (650M),SVR,Huber Robust (15%),0.3167767483584401
ESM-2 (650M),MLP,Huber Robust (15%),0.3280419781711649
ESM-2 (650M),Random Forest,Huber Robust (15%),0.4266428418519368
ESM-2 (650M),KNN,Huber Robust (15%),0.3637299257385024
ESM-2 (650M),Ridge,Ensemble Variance (15%),0.367867231543954
ESM-2 (650M),XGBoost,Ensemble Variance (15%),0.381941523360653
ESM-2 (650M),SVR,Ensemble Variance (15%),0.2980794796308864
ESM-2 (650M),MLP,Ensemble Variance (15%),0.2881216456887804
ESM-2 (650M),Random Forest,Ensemble Variance (15%),0.3857204330413835
ESM-2 (650M),KNN,Ensemble Variance (15%),0.2942925877111723
ESM-2 (35M),Ridge,Raw Data,0.3856389660614763
ESM-2 (35M),XGBoost,Raw Data,0.3317041504971832
ESM-2 (35M),SVR,Raw Data,0.3092571393229572
ESM-2 (35M),MLP,Raw Data,0.2778503854058832
ESM-2 (35M),Random Forest,Raw Data,0.387229940531992
ESM-2 (35M),KNN,Raw Data,0.3030209236175132
ESM-2 (35M),Ridge,Activity Cliffs,0.4137607738569063
ESM-2 (35M),XGBoost,Activity Cliffs,0.3655550410556784
ESM-2 (35M),SVR,Activity Cliffs,0.326311210270906
ESM-2 (35M),MLP,Activity Cliffs,0.3183909809771638
ESM-2 (35M),Random Forest,Activity Cliffs,0.3897365206481497
ESM-2 (35M),KNN,Activity Cliffs,0.3598022837375886
ESM-2 (35M),Ridge,Huber Robust (15%),0.4236549267049749
ESM-2 (35M),XGBoost,Huber Robust (15%),0.3848998215234093
ESM-2 (35M),SVR,Huber Robust (15%),0.3280315688536307
ESM-2 (35M),MLP,Huber Robust (15%),0.2818301899923004
ESM-2 (35M),Random Forest,Huber Robust (15%),0.3997380312157725
ESM-2 (35M),KNN,Huber Robust (15%),0.3232356201246003
ESM-2 (35M),Ridge,Ensemble Variance (15%),0.3617700136320873
ESM-2 (35M),XGBoost,Ensemble Variance (15%),0.3350216321806218
ESM-2 (35M),SVR,Ensemble Variance (15%),0.3123284692857143
ESM-2 (35M),MLP,Ensemble Variance (15%),0.2568906574489616
ESM-2 (35M),Random Forest,Ensemble Variance (15%),0.3582608584447048
ESM-2 (35M),KNN,Ensemble Variance (15%),0.2684045677952361
ESM-2 (8M),Ridge,Raw Data,0.3623817107206158
ESM-2 (8M),XGBoost,Raw Data,0.333958776545168
ESM-2 (8M),SVR,Raw Data,0.3151218492201028
ESM-2 (8M),MLP,Raw Data,0.267772459225624
ESM-2 (8M),Random Forest,Raw Data,0.3582681296534107
ESM-2 (8M),KNN,Raw Data,0.2798317980532442
ESM-2 (8M),Ridge,Activity Cliffs,0.3757597076014026
ESM-2 (8M),XGBoost,Activity Cliffs,0.3738216670201385
ESM-2 (8M),SVR,Activity Cliffs,0.3265867722262824
ESM-2 (8M),MLP,Activity Cliffs,0.2895701899478565
ESM-2 (8M),Random Forest,Activity Cliffs,0.376757597493624
ESM-2 (8M),KNN,Activity Cliffs,0.3017317504132964
ESM-2 (8M),Ridge,Huber Robust (15%),0.3938397551643079
ESM-2 (8M),XGBoost,Huber Robust (15%),0.3845807535426903
ESM-2 (8M),SVR,Huber Robust (15%),0.3360420773466144
ESM-2 (8M),MLP,Huber Robust (15%),0.296735699167433
ESM-2 (8M),Random Forest,Huber Robust (15%),0.3726022296484449
ESM-2 (8M),KNN,Huber Robust (15%),0.3025301915055031
ESM-2 (8M),Ridge,Ensemble Variance (15%),0.3672055811952234
ESM-2 (8M),XGBoost,Ensemble Variance (15%),0.328916615063374
ESM-2 (8M),SVR,Ensemble Variance (15%),0.3266656298870648
ESM-2 (8M),MLP,Ensemble Variance (15%),0.2995315344529586
ESM-2 (8M),Random Forest,Ensemble Variance (15%),0.3536825279814364
ESM-2 (8M),KNN,Ensemble Variance (15%),0.264870627449265
Ankh Base,Ridge,Raw Data,0.3778534950959021
Ankh Base,XGBoost,Raw Data,0.3453756448924184
Ankh Base,SVR,Raw Data,0.4044635717072236
Ankh Base,MLP,Raw Data,0.3398911168294529
Ankh Base,Random Forest,Raw Data,0.3870063866680334
Ankh Base,KNN,Raw Data,0.2956881565448426
Ankh Base,Ridge,Activity Cliffs,0.3806790554933548
Ankh Base,XGBoost,Activity Cliffs,0.4162911627862561
Ankh Base,SVR,Activity Cliffs,0.4200037003727063
Ankh Base,MLP,Activity Cliffs,0.380499480396902
Ankh Base,Random Forest,Activity Cliffs,0.4146015736683657
Ankh Base,KNN,Activity Cliffs,0.3423916874065409
Ankh Base,Ridge,Huber Robust (15%),0.4191619919341131
Ankh Base,XGBoost,Huber Robust (15%),0.3995895631786289
Ankh Base,SVR,Huber Robust (15%),0.437469534812427
Ankh Base,MLP,Huber Robust (15%),0.3414230028297301
Ankh Base,Random Forest,Huber Robust (15%),0.4274465781027668
Ankh Base,KNN,Huber Robust (15%),0.3025627027551217
Ankh Base,Ridge,Ensemble Variance (15%),0.360712321762947
Ankh Base,XGBoost,Ensemble Variance (15%),0.3498139584525283
Ankh Base,SVR,Ensemble Variance (15%),0.3848597584502232
Ankh Base,MLP,Ensemble Variance (15%),0.3390493645096372
Ankh Base,Random Forest,Ensemble Variance (15%),0.367546023813014
Ankh Base,KNN,Ensemble Variance (15%),0.2792074567281487
Fused (ProtT5 + ESM2),Ridge,Raw Data,0.4321295183845061
Fused (ProtT5 + ESM2),XGBoost,Raw Data,0.399999902797527
Fused (ProtT5 + ESM2),SVR,Raw Data,0.3562552234354897
Fused (ProtT5 + ESM2),MLP,Raw Data,0.401449641465294
Fused (ProtT5 + ESM2),Random Forest,Raw Data,0.4444523455899995
Fused (ProtT5 + ESM2),KNN,Raw Data,0.3942290523499913
Fused (ProtT5 + ESM2),Ridge,Activity Cliffs,0.4498039953029853
Fused (ProtT5 + ESM2),XGBoost,Activity Cliffs,0.4383113359596435
Fused (ProtT5 + ESM2),SVR,Activity Cliffs,0.3680947070986699
Fused (ProtT5 + ESM2),MLP,Activity Cliffs,0.410144941070538
Fused (ProtT5 + ESM2),Random Forest,Activity Cliffs,0.4509821496445624
Fused (ProtT5 + ESM2),KNN,Activity Cliffs,0.4273127283955184
Fused (ProtT5 + ESM2),Ridge,Huber Robust (15%),0.5427902181585043
Fused (ProtT5 + ESM2),XGBoost,Huber Robust (15%),0.4758370668760094
Fused (ProtT5 + ESM2),SVR,Huber Robust (15%),0.3897943067969819
Fused (ProtT5 + ESM2),MLP,Huber Robust (15%),0.4202007358406699
Fused (ProtT5 + ESM2),Random Forest,Huber Robust (15%),0.4730442405530446
Fused (ProtT5 + ESM2),KNN,Huber Robust (15%),0.4471461866060681
Fused (ProtT5 + ESM2),Ridge,Ensemble Variance (15%),0.4054684274047695
Fused (ProtT5 + ESM2),XGBoost,Ensemble Variance (15%),0.4134752375677563
Fused (ProtT5 + ESM2),SVR,Ensemble Variance (15%),0.349619091982392
Fused (ProtT5 + ESM2),MLP,Ensemble Variance (15%),0.3657267055120219
Fused (ProtT5 + ESM2),Random Forest,Ensemble Variance (15%),0.419885588273954
Fused (ProtT5 + ESM2),KNN,Ensemble Variance (15%),0.3366460450113743
ProtT5-XL,Ridge,Residual OOF (15%),0.6589467486851538
ProtT5-XL,XGBoost,Residual OOF (15%),0.5923082693402202
ProtT5-XL,SVR,Residual OOF (15%),0.6191943313766373
ProtT5-XL,MLP,Residual OOF (15%),0.5520443289571033
ProtT5-XL,Random Forest,Residual OOF (15%),0.5789339295321769
ProtT5-XL,KNN,Residual OOF (15%),0.5582033950365534
ESM-2 (650M),Ridge,Residual OOF (15%),0.5657129796720369
ESM-2 (650M),XGBoost,Residual OOF (15%),0.5384427821507582
ESM-2 (650M),SVR,Residual OOF (15%),0.40990201574570806
ESM-2 (650M),MLP,Residual OOF (15%),0.4487522454645472
ESM-2 (650M),Random Forest,Residual OOF (15%),0.532240304660804
ESM-2 (650M),KNN,Residual OOF (15%),0.46635800128664434
ESM-2 (35M),Ridge,Residual OOF (15%),0.5402633660806889
ESM-2 (35M),XGBoost,Residual OOF (15%),0.4829522604817236
ESM-2 (35M),SVR,Residual OOF (15%),0.4276451024465879
ESM-2 (35M),MLP,Residual OOF (15%),0.3923850247735382
ESM-2 (35M),Random Forest,Residual OOF (15%),0.5084400201888456
ESM-2 (35M),KNN,Residual OOF (15%),0.43351739848257786
ESM-2 (8M),Ridge,Residual OOF (15%),0.5003973553139917
ESM-2 (8M),XGBoost,Residual OOF (15%),0.4633147139982251
ESM-2 (8M),SVR,Residual OOF (15%),0.42775173942043565
ESM-2 (8M),MLP,Residual OOF (15%),0.4253810999443264
ESM-2 (8M),Random Forest,Residual OOF (15%),0.46546877649333585
ESM-2 (8M),KNN,Residual OOF (15%),0.409361651162871
Ankh Base,Ridge,Residual OOF (15%),0.5084367425380257
Ankh Base,XGBoost,Residual OOF (15%),0.5302276588742917
Ankh Base,SVR,Residual OOF (15%),0.5448453397416999
Ankh Base,MLP,Residual OOF (15%),0.4834239545491902
Ankh Base,Random Forest,Residual OOF (15%),0.5354471248645374
Ankh Base,KNN,Residual OOF (15%),0.4423040318575217
Fused (ProtT5 + ESM2),Ridge,Residual OOF (15%),0.6568984817323742
Fused (ProtT5 + ESM2),XGBoost,Residual OOF (15%),0.5771907517768502
Fused (ProtT5 + ESM2),SVR,Residual OOF (15%),0.4906814039568793
Fused (ProtT5 + ESM2),MLP,Residual OOF (15%),0.5768855462358855
Fused (ProtT5 + ESM2),Random Forest,Residual OOF (15%),0.5743300220628889
Fused (ProtT5 + ESM2),KNN,Residual OOF (15%),0.5433484276412689
