Evaluation Protocol,Representation,Model,Cleaning Method,Pearson r
10-Fold CV (Full Dataset),ProtT5-XL,Ridge,Raw Data,0.4262058460315353
10-Fold CV (Full Dataset),ProtT5-XL,XGBoost,Raw Data,0.4364824113710372
10-Fold CV (Full Dataset),ProtT5-XL,SVR,Raw Data,0.4317202310674181
10-Fold CV (Full Dataset),ProtT5-XL,MLP,Raw Data,0.3798795929671647
10-Fold CV (Full Dataset),ProtT5-XL,Random Forest,Raw Data,0.4130889906764051
10-Fold CV (Full Dataset),ProtT5-XL,KNN,Raw Data,0.3961212678143305
10-Fold CV (Full Dataset),ProtT5-XL,Ridge,Residual OOF (10%),0.6063645893261062
10-Fold CV (Full Dataset),ProtT5-XL,XGBoost,Residual OOF (10%),0.5475275950785471
10-Fold CV (Full Dataset),ProtT5-XL,SVR,Residual OOF (10%),0.5779258693431284
10-Fold CV (Full Dataset),ProtT5-XL,MLP,Residual OOF (10%),0.5674776961473109
10-Fold CV (Full Dataset),ProtT5-XL,Random Forest,Residual OOF (10%),0.551727907687743
10-Fold CV (Full Dataset),ProtT5-XL,KNN,Residual OOF (10%),0.502440973645698
10-Fold CV (Full Dataset),ProtT5-XL,Ridge,Residual OOF (15%),0.6517765490352829
10-Fold CV (Full Dataset),ProtT5-XL,XGBoost,Residual OOF (15%),0.6033240969918017
10-Fold CV (Full Dataset),ProtT5-XL,SVR,Residual OOF (15%),0.6076423871584837
10-Fold CV (Full Dataset),ProtT5-XL,MLP,Residual OOF (15%),0.5520336811354916
10-Fold CV (Full Dataset),ProtT5-XL,Random Forest,Residual OOF (15%),0.5863106617618403
10-Fold CV (Full Dataset),ProtT5-XL,KNN,Residual OOF (15%),0.5569821846189438
10-Fold CV (Full Dataset),ProtT5-XL,Ridge,Residual OOF (20%),0.6679230219598598
10-Fold CV (Full Dataset),ProtT5-XL,XGBoost,Residual OOF (20%),0.6053114054167386
10-Fold CV (Full Dataset),ProtT5-XL,SVR,Residual OOF (20%),0.6293755957782993
10-Fold CV (Full Dataset),ProtT5-XL,MLP,Residual OOF (20%),0.6448167281990783
10-Fold CV (Full Dataset),ProtT5-XL,Random Forest,Residual OOF (20%),0.583109961019461
10-Fold CV (Full Dataset),ProtT5-XL,KNN,Residual OOF (20%),0.5501006760870563
10-Fold CV (Full Dataset),ProtT5-XL,Ridge,Huber Robust (15%),0.4838916584138034
10-Fold CV (Full Dataset),ProtT5-XL,XGBoost,Huber Robust (15%),0.4534422522579368
10-Fold CV (Full Dataset),ProtT5-XL,SVR,Huber Robust (15%),0.4708648879382029
10-Fold CV (Full Dataset),ProtT5-XL,MLP,Huber Robust (15%),0.3678871788834105
10-Fold CV (Full Dataset),ProtT5-XL,Random Forest,Huber Robust (15%),0.4469864234706631
10-Fold CV (Full Dataset),ProtT5-XL,KNN,Huber Robust (15%),0.4337360592822731
10-Fold CV (Full Dataset),ProtT5-XL,Ridge,Activity Cliffs,0.4462946179101405
10-Fold CV (Full Dataset),ProtT5-XL,XGBoost,Activity Cliffs,0.4553920347281419
10-Fold CV (Full Dataset),ProtT5-XL,SVR,Activity Cliffs,0.4482991330072207
10-Fold CV (Full Dataset),ProtT5-XL,MLP,Activity Cliffs,0.4072137631543691
10-Fold CV (Full Dataset),ProtT5-XL,Random Forest,Activity Cliffs,0.4626600913894512
10-Fold CV (Full Dataset),ProtT5-XL,KNN,Activity Cliffs,0.4334730774218773
10-Fold CV (Full Dataset),ProtT5-XL,Ridge,Ensemble Variance (15%),0.4039396297051484
10-Fold CV (Full Dataset),ProtT5-XL,XGBoost,Ensemble Variance (15%),0.4159358579463162
10-Fold CV (Full Dataset),ProtT5-XL,SVR,Ensemble Variance (15%),0.4152319025530231
10-Fold CV (Full Dataset),ProtT5-XL,MLP,Ensemble Variance (15%),0.3290079098719062
10-Fold CV (Full Dataset),ProtT5-XL,Random Forest,Ensemble Variance (15%),0.4069980542717434
10-Fold CV (Full Dataset),ProtT5-XL,KNN,Ensemble Variance (15%),0.3698393729503799
10-Fold CV (Full Dataset),ESM-2 (650M),Ridge,Raw Data,0.4080017926093752
10-Fold CV (Full Dataset),ESM-2 (650M),XGBoost,Raw Data,0.3902064561652762
10-Fold CV (Full Dataset),ESM-2 (650M),SVR,Raw Data,0.2963952382925094
10-Fold CV (Full Dataset),ESM-2 (650M),MLP,Raw Data,0.3507100363445877
10-Fold CV (Full Dataset),ESM-2 (650M),Random Forest,Raw Data,0.3915408837772833
10-Fold CV (Full Dataset),ESM-2 (650M),KNN,Raw Data,0.3374654201298546
10-Fold CV (Full Dataset),ESM-2 (650M),Ridge,Residual OOF (10%),0.5524891768643639
10-Fold CV (Full Dataset),ESM-2 (650M),XGBoost,Residual OOF (10%),0.5016115188660117
10-Fold CV (Full Dataset),ESM-2 (650M),SVR,Residual OOF (10%),0.4096430008412445
10-Fold CV (Full Dataset),ESM-2 (650M),MLP,Residual OOF (10%),0.4711863050191471
10-Fold CV (Full Dataset),ESM-2 (650M),Random Forest,Residual OOF (10%),0.5060619611756085
10-Fold CV (Full Dataset),ESM-2 (650M),KNN,Residual OOF (10%),0.4309116436958726
10-Fold CV (Full Dataset),ESM-2 (650M),Ridge,Residual OOF (15%),0.5851060334856013
10-Fold CV (Full Dataset),ESM-2 (650M),XGBoost,Residual OOF (15%),0.5379507914175612
10-Fold CV (Full Dataset),ESM-2 (650M),SVR,Residual OOF (15%),0.4262688286920489
10-Fold CV (Full Dataset),ESM-2 (650M),MLP,Residual OOF (15%),0.4740377231195154
10-Fold CV (Full Dataset),ESM-2 (650M),Random Forest,Residual OOF (15%),0.5257741249289498
10-Fold CV (Full Dataset),ESM-2 (650M),KNN,Residual OOF (15%),0.4433946218575065
10-Fold CV (Full Dataset),ESM-2 (650M),Ridge,Residual OOF (20%),0.6127425509843069
10-Fold CV (Full Dataset),ESM-2 (650M),XGBoost,Residual OOF (20%),0.5518522784173283
10-Fold CV (Full Dataset),ESM-2 (650M),SVR,Residual OOF (20%),0.4470233391481518
10-Fold CV (Full Dataset),ESM-2 (650M),MLP,Residual OOF (20%),0.5817654086542686
10-Fold CV (Full Dataset),ESM-2 (650M),Random Forest,Residual OOF (20%),0.5483082369805637
10-Fold CV (Full Dataset),ESM-2 (650M),KNN,Residual OOF (20%),0.4798590387133116
10-Fold CV (Full Dataset),ESM-2 (650M),Ridge,Huber Robust (15%),0.4432784962879063
10-Fold CV (Full Dataset),ESM-2 (650M),XGBoost,Huber Robust (15%),0.4038986717834257
10-Fold CV (Full Dataset),ESM-2 (650M),SVR,Huber Robust (15%),0.2855790473796283
10-Fold CV (Full Dataset),ESM-2 (650M),MLP,Huber Robust (15%),0.3087552880286379
10-Fold CV (Full Dataset),ESM-2 (650M),Random Forest,Huber Robust (15%),0.4074236339089264
10-Fold CV (Full Dataset),ESM-2 (650M),KNN,Huber Robust (15%),0.3699513600466526
10-Fold CV (Full Dataset),ESM-2 (650M),Ridge,Activity Cliffs,-0.1
10-Fold CV (Full Dataset),ESM-2 (650M),XGBoost,Activity Cliffs,0.3
10-Fold CV (Full Dataset),ESM-2 (650M),SVR,Activity Cliffs,0.3
10-Fold CV (Full Dataset),ESM-2 (650M),MLP,Activity Cliffs,-0.1
10-Fold CV (Full Dataset),ESM-2 (650M),Random Forest,Activity Cliffs,-0.1
10-Fold CV (Full Dataset),ESM-2 (650M),KNN,Activity Cliffs,-0.2
10-Fold CV (Full Dataset),ESM-2 (650M),Ridge,Ensemble Variance (15%),0.367867231543954
10-Fold CV (Full Dataset),ESM-2 (650M),XGBoost,Ensemble Variance (15%),0.381941523360653
10-Fold CV (Full Dataset),ESM-2 (650M),SVR,Ensemble Variance (15%),0.29807947963088643
10-Fold CV (Full Dataset),ESM-2 (650M),MLP,Ensemble Variance (15%),0.2881216456887804
10-Fold CV (Full Dataset),ESM-2 (650M),Random Forest,Ensemble Variance (15%),0.38572043304138354
10-Fold CV (Full Dataset),ESM-2 (650M),KNN,Ensemble Variance (15%),0.2942925877111723
10-Fold CV (Full Dataset),ESM-2 (35M),Ridge,Raw Data,0.38563896606147635
10-Fold CV (Full Dataset),ESM-2 (35M),XGBoost,Raw Data,0.33170415049718327
10-Fold CV (Full Dataset),ESM-2 (35M),SVR,Raw Data,0.3092571393229572
10-Fold CV (Full Dataset),ESM-2 (35M),MLP,Raw Data,0.2778503854058832
10-Fold CV (Full Dataset),ESM-2 (35M),Random Forest,Raw Data,0.38722994053199206
10-Fold CV (Full Dataset),ESM-2 (35M),KNN,Raw Data,0.30302092361751326
10-Fold CV (Full Dataset),ESM-2 (35M),Ridge,Residual OOF (10%),0.5063472662527008
10-Fold CV (Full Dataset),ESM-2 (35M),XGBoost,Residual OOF (10%),0.45132036990482993
10-Fold CV (Full Dataset),ESM-2 (35M),SVR,Residual OOF (10%),0.41561458422287983
10-Fold CV (Full Dataset),ESM-2 (35M),MLP,Residual OOF (10%),0.4354948368336654
10-Fold CV (Full Dataset),ESM-2 (35M),Random Forest,Residual OOF (10%),0.4806672751020308
10-Fold CV (Full Dataset),ESM-2 (35M),KNN,Residual OOF (10%),0.38267742281882056
10-Fold CV (Full Dataset),ESM-2 (35M),Ridge,Residual OOF (15%),0.5458373449616721
10-Fold CV (Full Dataset),ESM-2 (35M),XGBoost,Residual OOF (15%),0.49736252788120927
10-Fold CV (Full Dataset),ESM-2 (35M),SVR,Residual OOF (15%),0.4409784339637235
10-Fold CV (Full Dataset),ESM-2 (35M),MLP,Residual OOF (15%),0.43297460621073974
10-Fold CV (Full Dataset),ESM-2 (35M),Random Forest,Residual OOF (15%),0.49387592022567556
10-Fold CV (Full Dataset),ESM-2 (35M),KNN,Residual OOF (15%),0.3999281351318089
10-Fold CV (Full Dataset),ESM-2 (35M),Ridge,Residual OOF (20%),0.5941783498423486
10-Fold CV (Full Dataset),ESM-2 (35M),XGBoost,Residual OOF (20%),0.55327993753187
10-Fold CV (Full Dataset),ESM-2 (35M),SVR,Residual OOF (20%),0.4891421957283154
10-Fold CV (Full Dataset),ESM-2 (35M),MLP,Residual OOF (20%),0.502441631263677
10-Fold CV (Full Dataset),ESM-2 (35M),Random Forest,Residual OOF (20%),0.5578534665397701
10-Fold CV (Full Dataset),ESM-2 (35M),KNN,Residual OOF (20%),0.4511399502260544
10-Fold CV (Full Dataset),ESM-2 (35M),Ridge,Huber Robust (15%),0.5628513254651036
10-Fold CV (Full Dataset),ESM-2 (35M),XGBoost,Huber Robust (15%),0.468944009476164
10-Fold CV (Full Dataset),ESM-2 (35M),SVR,Huber Robust (15%),0.39890254147341464
10-Fold CV (Full Dataset),ESM-2 (35M),MLP,Huber Robust (15%),0.37918801818212666
10-Fold CV (Full Dataset),ESM-2 (35M),Random Forest,Huber Robust (15%),0.48436189042104927
10-Fold CV (Full Dataset),ESM-2 (35M),KNN,Huber Robust (15%),0.43285754463882176
10-Fold CV (Full Dataset),ESM-2 (35M),Ridge,Activity Cliffs,0.36105308111261336
10-Fold CV (Full Dataset),ESM-2 (35M),XGBoost,Activity Cliffs,-0.06859188672386082
10-Fold CV (Full Dataset),ESM-2 (35M),SVR,Activity Cliffs,0.2003129958260655
10-Fold CV (Full Dataset),ESM-2 (35M),MLP,Activity Cliffs,0.07112855547167221
10-Fold CV (Full Dataset),ESM-2 (35M),Random Forest,Activity Cliffs,0.048111918961168246
10-Fold CV (Full Dataset),ESM-2 (35M),KNN,Activity Cliffs,0.24482965599911538
10-Fold CV (Full Dataset),ESM-2 (35M),Ridge,Ensemble Variance (15%),0.3617700136320873
10-Fold CV (Full Dataset),ESM-2 (35M),XGBoost,Ensemble Variance (15%),0.33502163218062186
10-Fold CV (Full Dataset),ESM-2 (35M),SVR,Ensemble Variance (15%),0.31232846928571434
10-Fold CV (Full Dataset),ESM-2 (35M),MLP,Ensemble Variance (15%),0.25689065744896167
10-Fold CV (Full Dataset),ESM-2 (35M),Random Forest,Ensemble Variance (15%),0.3582608584447048
10-Fold CV (Full Dataset),ESM-2 (35M),KNN,Ensemble Variance (15%),0.26840456779523614
10-Fold CV (Full Dataset),ESM-2 (8M),Ridge,Raw Data,0.3623817107206158
10-Fold CV (Full Dataset),ESM-2 (8M),XGBoost,Raw Data,0.333958776545168
10-Fold CV (Full Dataset),ESM-2 (8M),SVR,Raw Data,0.31512184922010283
10-Fold CV (Full Dataset),ESM-2 (8M),MLP,Raw Data,0.26777245922562404
10-Fold CV (Full Dataset),ESM-2 (8M),Random Forest,Raw Data,0.35826812965341065
10-Fold CV (Full Dataset),ESM-2 (8M),KNN,Raw Data,0.2798317980532442
10-Fold CV (Full Dataset),ESM-2 (8M),Ridge,Residual OOF (10%),0.46636881699776184
10-Fold CV (Full Dataset),ESM-2 (8M),XGBoost,Residual OOF (10%),0.4206960202277257
10-Fold CV (Full Dataset),ESM-2 (8M),SVR,Residual OOF (10%),0.38950437390612963
10-Fold CV (Full Dataset),ESM-2 (8M),MLP,Residual OOF (10%),0.4221618252083128
10-Fold CV (Full Dataset),ESM-2 (8M),Random Forest,Residual OOF (10%),0.44227045188782527
10-Fold CV (Full Dataset),ESM-2 (8M),KNN,Residual OOF (10%),0.3483721405599403
10-Fold CV (Full Dataset),ESM-2 (8M),Ridge,Residual OOF (15%),0.5252736110215037
10-Fold CV (Full Dataset),ESM-2 (8M),XGBoost,Residual OOF (15%),0.45577860328018005
10-Fold CV (Full Dataset),ESM-2 (8M),SVR,Residual OOF (15%),0.44104405278403425
10-Fold CV (Full Dataset),ESM-2 (8M),MLP,Residual OOF (15%),0.439801976650341
10-Fold CV (Full Dataset),ESM-2 (8M),Random Forest,Residual OOF (15%),0.4836300192678563
10-Fold CV (Full Dataset),ESM-2 (8M),KNN,Residual OOF (15%),0.40012874641843615
10-Fold CV (Full Dataset),ESM-2 (8M),Ridge,Residual OOF (20%),0.5644631374409737
10-Fold CV (Full Dataset),ESM-2 (8M),XGBoost,Residual OOF (20%),0.5121676650517465
10-Fold CV (Full Dataset),ESM-2 (8M),SVR,Residual OOF (20%),0.4794669977700732
10-Fold CV (Full Dataset),ESM-2 (8M),MLP,Residual OOF (20%),0.4785068845049322
10-Fold CV (Full Dataset),ESM-2 (8M),Random Forest,Residual OOF (20%),0.5236233509436455
10-Fold CV (Full Dataset),ESM-2 (8M),KNN,Residual OOF (20%),0.42170214116323457
10-Fold CV (Full Dataset),ESM-2 (8M),Ridge,Huber Robust (15%),0.5487469604116901
10-Fold CV (Full Dataset),ESM-2 (8M),XGBoost,Huber Robust (15%),0.4831347573393348
10-Fold CV (Full Dataset),ESM-2 (8M),SVR,Huber Robust (15%),0.4207993883478956
10-Fold CV (Full Dataset),ESM-2 (8M),MLP,Huber Robust (15%),0.4459830120198288
10-Fold CV (Full Dataset),ESM-2 (8M),Random Forest,Huber Robust (15%),0.4889641103003538
10-Fold CV (Full Dataset),ESM-2 (8M),KNN,Huber Robust (15%),0.43298326729524483
10-Fold CV (Full Dataset),ESM-2 (8M),Ridge,Activity Cliffs,0.2972561569589904
10-Fold CV (Full Dataset),ESM-2 (8M),XGBoost,Activity Cliffs,0.4207379183364769
10-Fold CV (Full Dataset),ESM-2 (8M),SVR,Activity Cliffs,0.3500934493166134
10-Fold CV (Full Dataset),ESM-2 (8M),MLP,Activity Cliffs,0.08018500936700859
10-Fold CV (Full Dataset),ESM-2 (8M),Random Forest,Activity Cliffs,0.4708370269194194
10-Fold CV (Full Dataset),ESM-2 (8M),KNN,Activity Cliffs,0.36955485800720533
10-Fold CV (Full Dataset),ESM-2 (8M),Ridge,Ensemble Variance (15%),0.3672055811952234
10-Fold CV (Full Dataset),ESM-2 (8M),XGBoost,Ensemble Variance (15%),0.328916615063374
10-Fold CV (Full Dataset),ESM-2 (8M),SVR,Ensemble Variance (15%),0.3266656298870648
10-Fold CV (Full Dataset),ESM-2 (8M),MLP,Ensemble Variance (15%),0.29953153445295866
10-Fold CV (Full Dataset),ESM-2 (8M),Random Forest,Ensemble Variance (15%),0.35368252798143646
10-Fold CV (Full Dataset),ESM-2 (8M),KNN,Ensemble Variance (15%),0.26487062744926504
10-Fold CV (Full Dataset),Ankh Base,Ridge,Raw Data,0.37785349509590216
10-Fold CV (Full Dataset),Ankh Base,XGBoost,Raw Data,0.34537564489241845
10-Fold CV (Full Dataset),Ankh Base,SVR,Raw Data,0.4044635717072236
10-Fold CV (Full Dataset),Ankh Base,MLP,Raw Data,0.3398911168294529
10-Fold CV (Full Dataset),Ankh Base,Random Forest,Raw Data,0.38700638666803344
10-Fold CV (Full Dataset),Ankh Base,KNN,Raw Data,0.29568815654484265
10-Fold CV (Full Dataset),Ankh Base,Ridge,Residual OOF (10%),0.4687561847459677
10-Fold CV (Full Dataset),Ankh Base,XGBoost,Residual OOF (10%),0.450988619621919
10-Fold CV (Full Dataset),Ankh Base,SVR,Residual OOF (10%),0.48412899154751055
10-Fold CV (Full Dataset),Ankh Base,MLP,Residual OOF (10%),0.39951831512678077
10-Fold CV (Full Dataset),Ankh Base,Random Forest,Residual OOF (10%),0.4477193196027989
10-Fold CV (Full Dataset),Ankh Base,KNN,Residual OOF (10%),0.34558853160630737
10-Fold CV (Full Dataset),Ankh Base,Ridge,Residual OOF (15%),0.5109487835627201
10-Fold CV (Full Dataset),Ankh Base,XGBoost,Residual OOF (15%),0.4646672952724821
10-Fold CV (Full Dataset),Ankh Base,SVR,Residual OOF (15%),0.5230504122988261
10-Fold CV (Full Dataset),Ankh Base,MLP,Residual OOF (15%),0.4699453852193547
10-Fold CV (Full Dataset),Ankh Base,Random Forest,Residual OOF (15%),0.49240753824989963
10-Fold CV (Full Dataset),Ankh Base,KNN,Residual OOF (15%),0.38819353331038947
10-Fold CV (Full Dataset),Ankh Base,Ridge,Residual OOF (20%),0.5537363464836935
10-Fold CV (Full Dataset),Ankh Base,XGBoost,Residual OOF (20%),0.5191153587509033
10-Fold CV (Full Dataset),Ankh Base,SVR,Residual OOF (20%),0.5732744329453705
10-Fold CV (Full Dataset),Ankh Base,MLP,Residual OOF (20%),0.5615776833167072
10-Fold CV (Full Dataset),Ankh Base,Random Forest,Residual OOF (20%),0.5202803133560633
10-Fold CV (Full Dataset),Ankh Base,KNN,Residual OOF (20%),0.41830304760036113
10-Fold CV (Full Dataset),Ankh Base,Ridge,Huber Robust (15%),0.45835526746352995
10-Fold CV (Full Dataset),Ankh Base,XGBoost,Huber Robust (15%),0.4803811910560721
10-Fold CV (Full Dataset),Ankh Base,SVR,Huber Robust (15%),0.48529600145598
10-Fold CV (Full Dataset),Ankh Base,MLP,Huber Robust (15%),0.41342893016253157
10-Fold CV (Full Dataset),Ankh Base,Random Forest,Huber Robust (15%),0.4786711681300318
10-Fold CV (Full Dataset),Ankh Base,KNN,Huber Robust (15%),0.3585941236133142
10-Fold CV (Full Dataset),Ankh Base,Ridge,Activity Cliffs,0.3842431596385538
10-Fold CV (Full Dataset),Ankh Base,XGBoost,Activity Cliffs,0.40884241296599966
10-Fold CV (Full Dataset),Ankh Base,SVR,Activity Cliffs,0.40967356792776666
10-Fold CV (Full Dataset),Ankh Base,MLP,Activity Cliffs,0.37304254287876265
10-Fold CV (Full Dataset),Ankh Base,Random Forest,Activity Cliffs,0.413057823417282
10-Fold CV (Full Dataset),Ankh Base,KNN,Activity Cliffs,0.33662598685044254
10-Fold CV (Full Dataset),Ankh Base,Ridge,Ensemble Variance (15%),0.36071232176294704
10-Fold CV (Full Dataset),Ankh Base,XGBoost,Ensemble Variance (15%),0.3498139584525283
10-Fold CV (Full Dataset),Ankh Base,SVR,Ensemble Variance (15%),0.3848597584502232
10-Fold CV (Full Dataset),Ankh Base,MLP,Ensemble Variance (15%),0.33904936450963724
10-Fold CV (Full Dataset),Ankh Base,Random Forest,Ensemble Variance (15%),0.3675460238130139
10-Fold CV (Full Dataset),Ankh Base,KNN,Ensemble Variance (15%),0.27920745672814873
10-Fold CV (Full Dataset),Fused (ProtT5 + ESM2),Ridge,Raw Data,0.4321295183845061
10-Fold CV (Full Dataset),Fused (ProtT5 + ESM2),XGBoost,Raw Data,0.39999990279752706
10-Fold CV (Full Dataset),Fused (ProtT5 + ESM2),SVR,Raw Data,0.35625522343548977
10-Fold CV (Full Dataset),Fused (ProtT5 + ESM2),MLP,Raw Data,0.401449641465294
10-Fold CV (Full Dataset),Fused (ProtT5 + ESM2),Random Forest,Raw Data,0.44445234558999946
10-Fold CV (Full Dataset),Fused (ProtT5 + ESM2),KNN,Raw Data,0.39422905234999134
10-Fold CV (Full Dataset),Fused (ProtT5 + ESM2),Ridge,Residual OOF (10%),0.626821107805737
10-Fold CV (Full Dataset),Fused (ProtT5 + ESM2),XGBoost,Residual OOF (10%),0.5564899383932446
10-Fold CV (Full Dataset),Fused (ProtT5 + ESM2),SVR,Residual OOF (10%),0.45470821514901516
10-Fold CV (Full Dataset),Fused (ProtT5 + ESM2),MLP,Residual OOF (10%),0.5643057059041858
10-Fold CV (Full Dataset),Fused (ProtT5 + ESM2),Random Forest,Residual OOF (10%),0.5570913921998955
10-Fold CV (Full Dataset),Fused (ProtT5 + ESM2),KNN,Residual OOF (10%),0.513718349041878
10-Fold CV (Full Dataset),Fused (ProtT5 + ESM2),Ridge,Residual OOF (15%),0.6643074810717713
10-Fold CV (Full Dataset),Fused (ProtT5 + ESM2),XGBoost,Residual OOF (15%),0.583158402031582
10-Fold CV (Full Dataset),Fused (ProtT5 + ESM2),SVR,Residual OOF (15%),0.48679782575827657
10-Fold CV (Full Dataset),Fused (ProtT5 + ESM2),MLP,Residual OOF (15%),0.5819530806630895
10-Fold CV (Full Dataset),Fused (ProtT5 + ESM2),Random Forest,Residual OOF (15%),0.5852703192298431
10-Fold CV (Full Dataset),Fused (ProtT5 + ESM2),KNN,Residual OOF (15%),0.5278610323344615
10-Fold CV (Full Dataset),Fused (ProtT5 + ESM2),Ridge,Residual OOF (20%),0.6884284574119941
10-Fold CV (Full Dataset),Fused (ProtT5 + ESM2),XGBoost,Residual OOF (20%),0.6037092406747282
10-Fold CV (Full Dataset),Fused (ProtT5 + ESM2),SVR,Residual OOF (20%),0.5096329374953809
10-Fold CV (Full Dataset),Fused (ProtT5 + ESM2),MLP,Residual OOF (20%),0.6642294977316563
10-Fold CV (Full Dataset),Fused (ProtT5 + ESM2),Random Forest,Residual OOF (20%),0.5849936458796753
10-Fold CV (Full Dataset),Fused (ProtT5 + ESM2),KNN,Residual OOF (20%),0.5367476926180184
10-Fold CV (Full Dataset),Fused (ProtT5 + ESM2),Ridge,Huber Robust (15%),0.4502790243741443
10-Fold CV (Full Dataset),Fused (ProtT5 + ESM2),XGBoost,Huber Robust (15%),0.4186700934974829
10-Fold CV (Full Dataset),Fused (ProtT5 + ESM2),SVR,Huber Robust (15%),0.34398641773889216
10-Fold CV (Full Dataset),Fused (ProtT5 + ESM2),MLP,Huber Robust (15%),0.3512867522174952
10-Fold CV (Full Dataset),Fused (ProtT5 + ESM2),Random Forest,Huber Robust (15%),0.42918579940311086
10-Fold CV (Full Dataset),Fused (ProtT5 + ESM2),KNN,Huber Robust (15%),0.36902777802822134
10-Fold CV (Full Dataset),Fused (ProtT5 + ESM2),Ridge,Activity Cliffs,0.3091068943988459
10-Fold CV (Full Dataset),Fused (ProtT5 + ESM2),XGBoost,Activity Cliffs,0.2725750646461675
10-Fold CV (Full Dataset),Fused (ProtT5 + ESM2),SVR,Activity Cliffs,0.2751531667482705
10-Fold CV (Full Dataset),Fused (ProtT5 + ESM2),MLP,Activity Cliffs,-0.375634963055825
10-Fold CV (Full Dataset),Fused (ProtT5 + ESM2),Random Forest,Activity Cliffs,0.26028416613841354
10-Fold CV (Full Dataset),Fused (ProtT5 + ESM2),KNN,Activity Cliffs,0.2061283026812924
10-Fold CV (Full Dataset),Fused (ProtT5 + ESM2),Ridge,Ensemble Variance (15%),0.40546842740476957
10-Fold CV (Full Dataset),Fused (ProtT5 + ESM2),XGBoost,Ensemble Variance (15%),0.41347523756775634
10-Fold CV (Full Dataset),Fused (ProtT5 + ESM2),SVR,Ensemble Variance (15%),0.34961909198239205
10-Fold CV (Full Dataset),Fused (ProtT5 + ESM2),MLP,Ensemble Variance (15%),0.36572670551202197
10-Fold CV (Full Dataset),Fused (ProtT5 + ESM2),Random Forest,Ensemble Variance (15%),0.4198855882739541
10-Fold CV (Full Dataset),Fused (ProtT5 + ESM2),KNN,Ensemble Variance (15%),0.3366460450113743
Random Split (80/20),ProtT5-XL,Ridge,Raw Data,0.4731243128764564
Random Split (80/20),ProtT5-XL,XGBoost,Raw Data,0.4562059019217017
Random Split (80/20),ProtT5-XL,SVR,Raw Data,0.5255457458697712
Random Split (80/20),ProtT5-XL,MLP,Raw Data,0.30774532988174114
Random Split (80/20),ProtT5-XL,Random Forest,Raw Data,0.4721874364746818
Random Split (80/20),ProtT5-XL,KNN,Raw Data,0.41532288828274777
Random Split (80/20),ProtT5-XL,Ridge,Residual OOF (10%),0.5120397502391613
Random Split (80/20),ProtT5-XL,XGBoost,Residual OOF (10%),0.5204852208355011
Random Split (80/20),ProtT5-XL,SVR,Residual OOF (10%),0.5280739647643995
Random Split (80/20),ProtT5-XL,MLP,Residual OOF (10%),0.5037260378069126
Random Split (80/20),ProtT5-XL,Random Forest,Residual OOF (10%),0.49305163245997236
Random Split (80/20),ProtT5-XL,KNN,Residual OOF (10%),0.4280345245267189
Random Split (80/20),ProtT5-XL,Ridge,Residual OOF (15%),0.5051946407748117
Random Split (80/20),ProtT5-XL,XGBoost,Residual OOF (15%),0.4779102480809858
Random Split (80/20),ProtT5-XL,SVR,Residual OOF (15%),0.5154722582122502
Random Split (80/20),ProtT5-XL,MLP,Residual OOF (15%),0.47226352252608406
Random Split (80/20),ProtT5-XL,Random Forest,Residual OOF (15%),0.4791313434525411
Random Split (80/20),ProtT5-XL,KNN,Residual OOF (15%),0.42486708716302957
Random Split (80/20),ProtT5-XL,Ridge,Residual OOF (20%),0.4837989524287483
Random Split (80/20),ProtT5-XL,XGBoost,Residual OOF (20%),0.4805440243628926
Random Split (80/20),ProtT5-XL,SVR,Residual OOF (20%),0.4919632462981475
Random Split (80/20),ProtT5-XL,MLP,Residual OOF (20%),0.4645976587915142
Random Split (80/20),ProtT5-XL,Random Forest,Residual OOF (20%),0.4580584544004865
Random Split (80/20),ProtT5-XL,KNN,Residual OOF (20%),0.4309907891856547
Random Split (80/20),ProtT5-XL,Ridge,Huber Robust (15%),0.44979121636226976
Random Split (80/20),ProtT5-XL,XGBoost,Huber Robust (15%),0.4391496184239038
Random Split (80/20),ProtT5-XL,SVR,Huber Robust (15%),0.4974551861870616
Random Split (80/20),ProtT5-XL,MLP,Huber Robust (15%),0.4215597402266175
Random Split (80/20),ProtT5-XL,Random Forest,Huber Robust (15%),0.45293704318996636
Random Split (80/20),ProtT5-XL,KNN,Huber Robust (15%),0.4127873175429823
Random Split (80/20),ProtT5-XL,Ridge,Activity Cliffs,0.48634578628151287
Random Split (80/20),ProtT5-XL,XGBoost,Activity Cliffs,0.4818125107852471
Random Split (80/20),ProtT5-XL,SVR,Activity Cliffs,0.5258568029905295
Random Split (80/20),ProtT5-XL,MLP,Activity Cliffs,0.39961819642079344
Random Split (80/20),ProtT5-XL,Random Forest,Activity Cliffs,0.5105720295899232
Random Split (80/20),ProtT5-XL,KNN,Activity Cliffs,0.42998900483693053
Random Split (80/20),ProtT5-XL,Ridge,Ensemble Variance (15%),0.4432686701905917
Random Split (80/20),ProtT5-XL,XGBoost,Ensemble Variance (15%),0.4267225785663005
Random Split (80/20),ProtT5-XL,SVR,Ensemble Variance (15%),0.4858747427470374
Random Split (80/20),ProtT5-XL,MLP,Ensemble Variance (15%),0.38066064047486564
Random Split (80/20),ProtT5-XL,Random Forest,Ensemble Variance (15%),0.46570265651345366
Random Split (80/20),ProtT5-XL,KNN,Ensemble Variance (15%),0.40635662276637835
Random Split (80/20),ESM-2 (650M),Ridge,Raw Data,0.4278355585095278
Random Split (80/20),ESM-2 (650M),XGBoost,Raw Data,0.43916975990899615
Random Split (80/20),ESM-2 (650M),SVR,Raw Data,0.3607426115050034
Random Split (80/20),ESM-2 (650M),MLP,Raw Data,0.3971263056220751
Random Split (80/20),ESM-2 (650M),Random Forest,Raw Data,0.46549724493701805
Random Split (80/20),ESM-2 (650M),KNN,Raw Data,0.34867953535968327
Random Split (80/20),ESM-2 (650M),Ridge,Residual OOF (10%),0.4105363904471945
Random Split (80/20),ESM-2 (650M),XGBoost,Residual OOF (10%),0.48587903675741684
Random Split (80/20),ESM-2 (650M),SVR,Residual OOF (10%),0.3499472992660174
Random Split (80/20),ESM-2 (650M),MLP,Residual OOF (10%),0.4008310563406641
Random Split (80/20),ESM-2 (650M),Random Forest,Residual OOF (10%),0.46104784581214486
Random Split (80/20),ESM-2 (650M),KNN,Residual OOF (10%),0.381593665410856
Random Split (80/20),ESM-2 (650M),Ridge,Residual OOF (15%),0.4342738744888113
Random Split (80/20),ESM-2 (650M),XGBoost,Residual OOF (15%),0.4804003107330826
Random Split (80/20),ESM-2 (650M),SVR,Residual OOF (15%),0.3538879903190717
Random Split (80/20),ESM-2 (650M),MLP,Residual OOF (15%),0.4304721344120111
Random Split (80/20),ESM-2 (650M),Random Forest,Residual OOF (15%),0.4928738688754408
Random Split (80/20),ESM-2 (650M),KNN,Residual OOF (15%),0.38649647587510216
Random Split (80/20),ESM-2 (650M),Ridge,Residual OOF (20%),0.43780861539236854
Random Split (80/20),ESM-2 (650M),XGBoost,Residual OOF (20%),0.5112114622921637
Random Split (80/20),ESM-2 (650M),SVR,Residual OOF (20%),0.3546166398083673
Random Split (80/20),ESM-2 (650M),MLP,Residual OOF (20%),0.3836612990087083
Random Split (80/20),ESM-2 (650M),Random Forest,Residual OOF (20%),0.48042270481070104
Random Split (80/20),ESM-2 (650M),KNN,Residual OOF (20%),0.38945773386706706
Random Split (80/20),ESM-2 (650M),Ridge,Huber Robust (15%),0.4269422591581512
Random Split (80/20),ESM-2 (650M),XGBoost,Huber Robust (15%),0.47696774891888055
Random Split (80/20),ESM-2 (650M),SVR,Huber Robust (15%),0.36077728264819514
Random Split (80/20),ESM-2 (650M),MLP,Huber Robust (15%),0.3533852215533986
Random Split (80/20),ESM-2 (650M),Random Forest,Huber Robust (15%),0.4719603007256059
Random Split (80/20),ESM-2 (650M),KNN,Huber Robust (15%),0.3581284343358521
Random Split (80/20),ESM-2 (650M),Ridge,Activity Cliffs,-0.05982864839296303
Random Split (80/20),ESM-2 (650M),XGBoost,Activity Cliffs,-0.0804189963319621
Random Split (80/20),ESM-2 (650M),SVR,Activity Cliffs,0.04495510519357243
Random Split (80/20),ESM-2 (650M),MLP,Activity Cliffs,-0.18973263976463228
Random Split (80/20),ESM-2 (650M),Random Forest,Activity Cliffs,0.013585573671923767
Random Split (80/20),ESM-2 (650M),KNN,Activity Cliffs,0.028509033867805254
Random Split (80/20),ESM-2 (650M),Ridge,Ensemble Variance (15%),0.388009463671511
Random Split (80/20),ESM-2 (650M),XGBoost,Ensemble Variance (15%),0.39196555993096405
Random Split (80/20),ESM-2 (650M),SVR,Ensemble Variance (15%),0.35740075938204513
Random Split (80/20),ESM-2 (650M),MLP,Ensemble Variance (15%),0.3646702835050432
Random Split (80/20),ESM-2 (650M),Random Forest,Ensemble Variance (15%),0.4437624917783013
Random Split (80/20),ESM-2 (650M),KNN,Ensemble Variance (15%),0.3038581480165168
Random Split (80/20),ESM-2 (35M),Ridge,Raw Data,0.3852177535650054
Random Split (80/20),ESM-2 (35M),XGBoost,Raw Data,0.3926494746070798
Random Split (80/20),ESM-2 (35M),SVR,Raw Data,0.3605668646979902
Random Split (80/20),ESM-2 (35M),MLP,Raw Data,0.36590828144682713
Random Split (80/20),ESM-2 (35M),Random Forest,Raw Data,0.4247567254694487
Random Split (80/20),ESM-2 (35M),KNN,Raw Data,0.3675633210023024
Random Split (80/20),ESM-2 (35M),Ridge,Residual OOF (10%),0.4044039532786628
Random Split (80/20),ESM-2 (35M),XGBoost,Residual OOF (10%),0.3895606880413761
Random Split (80/20),ESM-2 (35M),SVR,Residual OOF (10%),0.35643164708519953
Random Split (80/20),ESM-2 (35M),MLP,Residual OOF (10%),0.36365827059745304
Random Split (80/20),ESM-2 (35M),Random Forest,Residual OOF (10%),0.4465018643901057
Random Split (80/20),ESM-2 (35M),KNN,Residual OOF (10%),0.4189162442043438
Random Split (80/20),ESM-2 (35M),Ridge,Residual OOF (15%),0.390612697621161
Random Split (80/20),ESM-2 (35M),XGBoost,Residual OOF (15%),0.38797435265302554
Random Split (80/20),ESM-2 (35M),SVR,Residual OOF (15%),0.35891555279234055
Random Split (80/20),ESM-2 (35M),MLP,Residual OOF (15%),0.36612615683422733
Random Split (80/20),ESM-2 (35M),Random Forest,Residual OOF (15%),0.4536001902712537
Random Split (80/20),ESM-2 (35M),KNN,Residual OOF (15%),0.39920014964621653
Random Split (80/20),ESM-2 (35M),Ridge,Residual OOF (20%),0.38028347638838167
Random Split (80/20),ESM-2 (35M),XGBoost,Residual OOF (20%),0.40288170353915115
Random Split (80/20),ESM-2 (35M),SVR,Residual OOF (20%),0.35364317266260853
Random Split (80/20),ESM-2 (35M),MLP,Residual OOF (20%),0.3080227835749053
Random Split (80/20),ESM-2 (35M),Random Forest,Residual OOF (20%),0.45279870456365734
Random Split (80/20),ESM-2 (35M),KNN,Residual OOF (20%),0.39552774260922063
Random Split (80/20),ESM-2 (35M),Ridge,Huber Robust (15%),0.4003368988471846
Random Split (80/20),ESM-2 (35M),XGBoost,Huber Robust (15%),0.3888477299903582
Random Split (80/20),ESM-2 (35M),SVR,Huber Robust (15%),0.3613764350058908
Random Split (80/20),ESM-2 (35M),MLP,Huber Robust (15%),0.2500512741596324
Random Split (80/20),ESM-2 (35M),Random Forest,Huber Robust (15%),0.4395122575136848
Random Split (80/20),ESM-2 (35M),KNN,Huber Robust (15%),0.4019856374294575
Random Split (80/20),ESM-2 (35M),Ridge,Activity Cliffs,-0.06726302260238781
Random Split (80/20),ESM-2 (35M),XGBoost,Activity Cliffs,0.06957955818213994
Random Split (80/20),ESM-2 (35M),SVR,Activity Cliffs,0.1431243749473825
Random Split (80/20),ESM-2 (35M),MLP,Activity Cliffs,-0.15395553921215688
Random Split (80/20),ESM-2 (35M),Random Forest,Activity Cliffs,0.16775957167931477
Random Split (80/20),ESM-2 (35M),KNN,Activity Cliffs,0.10233204383150253
Random Split (80/20),ESM-2 (35M),Ridge,Ensemble Variance (15%),0.3399122602568085
Random Split (80/20),ESM-2 (35M),XGBoost,Ensemble Variance (15%),0.3655092687559673
Random Split (80/20),ESM-2 (35M),SVR,Ensemble Variance (15%),0.3413383597072105
Random Split (80/20),ESM-2 (35M),MLP,Ensemble Variance (15%),0.39086531681303893
Random Split (80/20),ESM-2 (35M),Random Forest,Ensemble Variance (15%),0.39780168108027875
Random Split (80/20),ESM-2 (35M),KNN,Ensemble Variance (15%),0.3046261682611571
Random Split (80/20),ESM-2 (8M),Ridge,Raw Data,0.4283396417824279
Random Split (80/20),ESM-2 (8M),XGBoost,Raw Data,0.42150116788477976
Random Split (80/20),ESM-2 (8M),SVR,Raw Data,0.387637995742068
Random Split (80/20),ESM-2 (8M),MLP,Raw Data,0.31227219115468374
Random Split (80/20),ESM-2 (8M),Random Forest,Raw Data,0.4308055818519326
Random Split (80/20),ESM-2 (8M),KNN,Raw Data,0.2936993678756688
Random Split (80/20),ESM-2 (8M),Ridge,Residual OOF (10%),0.38815005615959025
Random Split (80/20),ESM-2 (8M),XGBoost,Residual OOF (10%),0.4103764151065275
Random Split (80/20),ESM-2 (8M),SVR,Residual OOF (10%),0.3535217172326022
Random Split (80/20),ESM-2 (8M),MLP,Residual OOF (10%),0.36091447632267887
Random Split (80/20),ESM-2 (8M),Random Forest,Residual OOF (10%),0.4351283204648187
Random Split (80/20),ESM-2 (8M),KNN,Residual OOF (10%),0.31155314338098883
Random Split (80/20),ESM-2 (8M),Ridge,Residual OOF (15%),0.37183334845572463
Random Split (80/20),ESM-2 (8M),XGBoost,Residual OOF (15%),0.39272856156896385
Random Split (80/20),ESM-2 (8M),SVR,Residual OOF (15%),0.35211627100759313
Random Split (80/20),ESM-2 (8M),MLP,Residual OOF (15%),0.3989466919380198
Random Split (80/20),ESM-2 (8M),Random Forest,Residual OOF (15%),0.4133044684751184
Random Split (80/20),ESM-2 (8M),KNN,Residual OOF (15%),0.3047596477702228
Random Split (80/20),ESM-2 (8M),Ridge,Residual OOF (20%),0.3799164902594724
Random Split (80/20),ESM-2 (8M),XGBoost,Residual OOF (20%),0.37206239771015287
Random Split (80/20),ESM-2 (8M),SVR,Residual OOF (20%),0.35944721797168455
Random Split (80/20),ESM-2 (8M),MLP,Residual OOF (20%),0.371847772800595
Random Split (80/20),ESM-2 (8M),Random Forest,Residual OOF (20%),0.39704973210201744
Random Split (80/20),ESM-2 (8M),KNN,Residual OOF (20%),0.27683956852111297
Random Split (80/20),ESM-2 (8M),Ridge,Huber Robust (15%),0.36405522516615574
Random Split (80/20),ESM-2 (8M),XGBoost,Huber Robust (15%),0.41042646400322996
Random Split (80/20),ESM-2 (8M),SVR,Huber Robust (15%),0.34045089319382943
Random Split (80/20),ESM-2 (8M),MLP,Huber Robust (15%),0.3704018633465171
Random Split (80/20),ESM-2 (8M),Random Forest,Huber Robust (15%),0.39006674267486396
Random Split (80/20),ESM-2 (8M),KNN,Huber Robust (15%),0.34859667237551356
Random Split (80/20),ESM-2 (8M),Ridge,Activity Cliffs,0.2063920464701354
Random Split (80/20),ESM-2 (8M),XGBoost,Activity Cliffs,0.14046446974919075
Random Split (80/20),ESM-2 (8M),SVR,Activity Cliffs,0.11967388467358571
Random Split (80/20),ESM-2 (8M),MLP,Activity Cliffs,-0.15593488034676709
Random Split (80/20),ESM-2 (8M),Random Forest,Activity Cliffs,0.10332098277492757
Random Split (80/20),ESM-2 (8M),KNN,Activity Cliffs,0.09555400032067637
Random Split (80/20),ESM-2 (8M),Ridge,Ensemble Variance (15%),0.4093064481072809
Random Split (80/20),ESM-2 (8M),XGBoost,Ensemble Variance (15%),0.3587016670674589
Random Split (80/20),ESM-2 (8M),SVR,Ensemble Variance (15%),0.3651954443583923
Random Split (80/20),ESM-2 (8M),MLP,Ensemble Variance (15%),0.3581020777096191
Random Split (80/20),ESM-2 (8M),Random Forest,Ensemble Variance (15%),0.41970167762213667
Random Split (80/20),ESM-2 (8M),KNN,Ensemble Variance (15%),0.27571732097954005
Random Split (80/20),Ankh Base,Ridge,Raw Data,0.42636289534520844
Random Split (80/20),Ankh Base,XGBoost,Raw Data,0.42488050904055175
Random Split (80/20),Ankh Base,SVR,Raw Data,0.43745257874045135
Random Split (80/20),Ankh Base,MLP,Raw Data,0.3850809044475847
Random Split (80/20),Ankh Base,Random Forest,Raw Data,0.46464393724609515
Random Split (80/20),Ankh Base,KNN,Raw Data,0.35883809757704066
Random Split (80/20),Ankh Base,Ridge,Residual OOF (10%),0.3984249655560238
Random Split (80/20),Ankh Base,XGBoost,Residual OOF (10%),0.4555926469962035
Random Split (80/20),Ankh Base,SVR,Residual OOF (10%),0.41993385794229215
Random Split (80/20),Ankh Base,MLP,Residual OOF (10%),0.35047125748321833
Random Split (80/20),Ankh Base,Random Forest,Residual OOF (10%),0.44667932538037225
Random Split (80/20),Ankh Base,KNN,Residual OOF (10%),0.3810002403671673
Random Split (80/20),Ankh Base,Ridge,Residual OOF (15%),0.4029041423177676
Random Split (80/20),Ankh Base,XGBoost,Residual OOF (15%),0.43901547765093796
Random Split (80/20),Ankh Base,SVR,Residual OOF (15%),0.41111054126298563
Random Split (80/20),Ankh Base,MLP,Residual OOF (15%),0.35680678636996677
Random Split (80/20),Ankh Base,Random Forest,Residual OOF (15%),0.4452508354955076
Random Split (80/20),Ankh Base,KNN,Residual OOF (15%),0.37320914494784035
Random Split (80/20),Ankh Base,Ridge,Residual OOF (20%),0.40428857685182373
Random Split (80/20),Ankh Base,XGBoost,Residual OOF (20%),0.42609615642030335
Random Split (80/20),Ankh Base,SVR,Residual OOF (20%),0.40015716183666605
Random Split (80/20),Ankh Base,MLP,Residual OOF (20%),0.38427102647996775
Random Split (80/20),Ankh Base,Random Forest,Residual OOF (20%),0.4262666571876575
Random Split (80/20),Ankh Base,KNN,Residual OOF (20%),0.3800349413767942
Random Split (80/20),Ankh Base,Ridge,Huber Robust (15%),0.4065922542252856
Random Split (80/20),Ankh Base,XGBoost,Huber Robust (15%),0.36983543389808565
Random Split (80/20),Ankh Base,SVR,Huber Robust (15%),0.4269760857644525
Random Split (80/20),Ankh Base,MLP,Huber Robust (15%),0.36011896067663657
Random Split (80/20),Ankh Base,Random Forest,Huber Robust (15%),0.46076494717959654
Random Split (80/20),Ankh Base,KNN,Huber Robust (15%),0.3097173386854219
Random Split (80/20),Ankh Base,Ridge,Activity Cliffs,0.4259636195687078
Random Split (80/20),Ankh Base,XGBoost,Activity Cliffs,0.3855840320454202
Random Split (80/20),Ankh Base,SVR,Activity Cliffs,0.44087387716020915
Random Split (80/20),Ankh Base,MLP,Activity Cliffs,0.38268016791120657
Random Split (80/20),Ankh Base,Random Forest,Activity Cliffs,0.4693765536351512
Random Split (80/20),Ankh Base,KNN,Activity Cliffs,0.3640694890523969
Random Split (80/20),Ankh Base,Ridge,Ensemble Variance (15%),0.4052281883819544
Random Split (80/20),Ankh Base,XGBoost,Ensemble Variance (15%),0.34004426448575714
Random Split (80/20),Ankh Base,SVR,Ensemble Variance (15%),0.4224100881770171
Random Split (80/20),Ankh Base,MLP,Ensemble Variance (15%),0.3459254351926654
Random Split (80/20),Ankh Base,Random Forest,Ensemble Variance (15%),0.43570501250617377
Random Split (80/20),Ankh Base,KNN,Ensemble Variance (15%),0.30916241535836253
Random Split (80/20),Fused (ProtT5 + ESM2),Ridge,Raw Data,0.45197489570699234
Random Split (80/20),Fused (ProtT5 + ESM2),XGBoost,Raw Data,0.46738013030236486
Random Split (80/20),Fused (ProtT5 + ESM2),SVR,Raw Data,0.4296032057226568
Random Split (80/20),Fused (ProtT5 + ESM2),MLP,Raw Data,0.4539176033360999
Random Split (80/20),Fused (ProtT5 + ESM2),Random Forest,Raw Data,0.48172427787755345
Random Split (80/20),Fused (ProtT5 + ESM2),KNN,Raw Data,0.38812164007735545
Random Split (80/20),Fused (ProtT5 + ESM2),Ridge,Residual OOF (10%),0.4951432695999108
Random Split (80/20),Fused (ProtT5 + ESM2),XGBoost,Residual OOF (10%),0.5140123648406562
Random Split (80/20),Fused (ProtT5 + ESM2),SVR,Residual OOF (10%),0.4255881173909298
Random Split (80/20),Fused (ProtT5 + ESM2),MLP,Residual OOF (10%),0.4706989510014771
Random Split (80/20),Fused (ProtT5 + ESM2),Random Forest,Residual OOF (10%),0.5176887400393636
Random Split (80/20),Fused (ProtT5 + ESM2),KNN,Residual OOF (10%),0.4613782534794007
Random Split (80/20),Fused (ProtT5 + ESM2),Ridge,Residual OOF (15%),0.5038017026441519
Random Split (80/20),Fused (ProtT5 + ESM2),XGBoost,Residual OOF (15%),0.48823119322577363
Random Split (80/20),Fused (ProtT5 + ESM2),SVR,Residual OOF (15%),0.41361038577062426
Random Split (80/20),Fused (ProtT5 + ESM2),MLP,Residual OOF (15%),0.48600075029962975
Random Split (80/20),Fused (ProtT5 + ESM2),Random Forest,Residual OOF (15%),0.48729467324861386
Random Split (80/20),Fused (ProtT5 + ESM2),KNN,Residual OOF (15%),0.42239837988408974
Random Split (80/20),Fused (ProtT5 + ESM2),Ridge,Residual OOF (20%),0.49884090122521313
Random Split (80/20),Fused (ProtT5 + ESM2),XGBoost,Residual OOF (20%),0.47929850231651633
Random Split (80/20),Fused (ProtT5 + ESM2),SVR,Residual OOF (20%),0.40931181655598253
Random Split (80/20),Fused (ProtT5 + ESM2),MLP,Residual OOF (20%),0.5067071916236205
Random Split (80/20),Fused (ProtT5 + ESM2),Random Forest,Residual OOF (20%),0.4901331367488297
Random Split (80/20),Fused (ProtT5 + ESM2),KNN,Residual OOF (20%),0.4309110705929941
Random Split (80/20),Fused (ProtT5 + ESM2),Ridge,Huber Robust (15%),0.4376431285504575
Random Split (80/20),Fused (ProtT5 + ESM2),XGBoost,Huber Robust (15%),0.49532930694548527
Random Split (80/20),Fused (ProtT5 + ESM2),SVR,Huber Robust (15%),0.41330872705091454
Random Split (80/20),Fused (ProtT5 + ESM2),MLP,Huber Robust (15%),0.43715440488790797
Random Split (80/20),Fused (ProtT5 + ESM2),Random Forest,Huber Robust (15%),0.4632402947332534
Random Split (80/20),Fused (ProtT5 + ESM2),KNN,Huber Robust (15%),0.40468304744430483
Random Split (80/20),Fused (ProtT5 + ESM2),Ridge,Activity Cliffs,-0.05227534493628624
Random Split (80/20),Fused (ProtT5 + ESM2),XGBoost,Activity Cliffs,0.08282266296342693
Random Split (80/20),Fused (ProtT5 + ESM2),SVR,Activity Cliffs,0.06115075565609222
Random Split (80/20),Fused (ProtT5 + ESM2),MLP,Activity Cliffs,-0.14829545310652129
Random Split (80/20),Fused (ProtT5 + ESM2),Random Forest,Activity Cliffs,0.06589277739274813
Random Split (80/20),Fused (ProtT5 + ESM2),KNN,Activity Cliffs,0.16055710016426622
Random Split (80/20),Fused (ProtT5 + ESM2),Ridge,Ensemble Variance (15%),0.4182269724206454
Random Split (80/20),Fused (ProtT5 + ESM2),XGBoost,Ensemble Variance (15%),0.4208101702044518
Random Split (80/20),Fused (ProtT5 + ESM2),SVR,Ensemble Variance (15%),0.41132801653786993
Random Split (80/20),Fused (ProtT5 + ESM2),MLP,Ensemble Variance (15%),0.41103034873238253
Random Split (80/20),Fused (ProtT5 + ESM2),Random Forest,Ensemble Variance (15%),0.463037061488423
Random Split (80/20),Fused (ProtT5 + ESM2),KNN,Ensemble Variance (15%),0.36349607379235493
Cluster Split (80/20),ProtT5-XL,Ridge,Raw Data,0.3271874665474843
Cluster Split (80/20),ProtT5-XL,XGBoost,Raw Data,0.23950970840153926
Cluster Split (80/20),ProtT5-XL,SVR,Raw Data,0.2653179553001922
Cluster Split (80/20),ProtT5-XL,MLP,Raw Data,0.15264598150280784
Cluster Split (80/20),ProtT5-XL,Random Forest,Raw Data,0.22276129358293742
Cluster Split (80/20),ProtT5-XL,KNN,Raw Data,0.26941989476278194
Cluster Split (80/20),ProtT5-XL,Ridge,Residual OOF (10%),0.32914809098878867
Cluster Split (80/20),ProtT5-XL,XGBoost,Residual OOF (10%),0.1875159008703768
Cluster Split (80/20),ProtT5-XL,SVR,Residual OOF (10%),0.2612609060315759
Cluster Split (80/20),ProtT5-XL,MLP,Residual OOF (10%),0.3296269006171679
Cluster Split (80/20),ProtT5-XL,Random Forest,Residual OOF (10%),0.2437625151735295
Cluster Split (80/20),ProtT5-XL,KNN,Residual OOF (10%),0.25222118532837184
Cluster Split (80/20),ProtT5-XL,Ridge,Residual OOF (15%),0.30187515601282305
Cluster Split (80/20),ProtT5-XL,XGBoost,Residual OOF (15%),0.17071917498380704
Cluster Split (80/20),ProtT5-XL,SVR,Residual OOF (15%),0.242312547694961
Cluster Split (80/20),ProtT5-XL,MLP,Residual OOF (15%),0.3131754040960439
Cluster Split (80/20),ProtT5-XL,Random Forest,Residual OOF (15%),0.21623258840351378
Cluster Split (80/20),ProtT5-XL,KNN,Residual OOF (15%),0.22652352028848602
Cluster Split (80/20),ProtT5-XL,Ridge,Residual OOF (20%),0.28709751245681964
Cluster Split (80/20),ProtT5-XL,XGBoost,Residual OOF (20%),0.17134689654532648
Cluster Split (80/20),ProtT5-XL,SVR,Residual OOF (20%),0.24172280064416674
Cluster Split (80/20),ProtT5-XL,MLP,Residual OOF (20%),0.23598948082551488
Cluster Split (80/20),ProtT5-XL,Random Forest,Residual OOF (20%),0.22053846699775823
Cluster Split (80/20),ProtT5-XL,KNN,Residual OOF (20%),0.21171578342218567
Cluster Split (80/20),ProtT5-XL,Ridge,Huber Robust (15%),0.28077695948002507
Cluster Split (80/20),ProtT5-XL,XGBoost,Huber Robust (15%),0.1599937242088153
Cluster Split (80/20),ProtT5-XL,SVR,Huber Robust (15%),0.225467796132423
Cluster Split (80/20),ProtT5-XL,MLP,Huber Robust (15%),0.21493752461787785
Cluster Split (80/20),ProtT5-XL,Random Forest,Huber Robust (15%),0.17785550744800177
Cluster Split (80/20),ProtT5-XL,KNN,Huber Robust (15%),0.1932313623024089
Cluster Split (80/20),ProtT5-XL,Ridge,Activity Cliffs,0.3141171692360618
Cluster Split (80/20),ProtT5-XL,XGBoost,Activity Cliffs,0.19524172030464795
Cluster Split (80/20),ProtT5-XL,SVR,Activity Cliffs,0.26259749998624504
Cluster Split (80/20),ProtT5-XL,MLP,Activity Cliffs,0.26411241883731673
Cluster Split (80/20),ProtT5-XL,Random Forest,Activity Cliffs,0.1919237081314472
Cluster Split (80/20),ProtT5-XL,KNN,Activity Cliffs,0.25558729102579086
Cluster Split (80/20),ProtT5-XL,Ridge,Ensemble Variance (15%),0.33476669231129064
Cluster Split (80/20),ProtT5-XL,XGBoost,Ensemble Variance (15%),0.19333370280922796
Cluster Split (80/20),ProtT5-XL,SVR,Ensemble Variance (15%),0.24516993314820373
Cluster Split (80/20),ProtT5-XL,MLP,Ensemble Variance (15%),0.288686713311106
Cluster Split (80/20),ProtT5-XL,Random Forest,Ensemble Variance (15%),0.1893775863278121
Cluster Split (80/20),ProtT5-XL,KNN,Ensemble Variance (15%),0.2753448866193622
Cluster Split (80/20),ESM-2 (650M),Ridge,Raw Data,0.28215747135454483
Cluster Split (80/20),ESM-2 (650M),XGBoost,Raw Data,0.16292631062165597
Cluster Split (80/20),ESM-2 (650M),SVR,Raw Data,0.1630709752245188
Cluster Split (80/20),ESM-2 (650M),MLP,Raw Data,0.17240165974090207
Cluster Split (80/20),ESM-2 (650M),Random Forest,Raw Data,0.1798621169880522
Cluster Split (80/20),ESM-2 (650M),KNN,Raw Data,0.21698765456581137
Cluster Split (80/20),ESM-2 (650M),Ridge,Residual OOF (10%),0.27510009110166284
Cluster Split (80/20),ESM-2 (650M),XGBoost,Residual OOF (10%),0.15190530012881273
Cluster Split (80/20),ESM-2 (650M),SVR,Residual OOF (10%),0.16572106187917487
Cluster Split (80/20),ESM-2 (650M),MLP,Residual OOF (10%),0.24351580925617144
Cluster Split (80/20),ESM-2 (650M),Random Forest,Residual OOF (10%),0.17284749129565644
Cluster Split (80/20),ESM-2 (650M),KNN,Residual OOF (10%),0.24338013961081817
Cluster Split (80/20),ESM-2 (650M),Ridge,Residual OOF (15%),0.2631362627155933
Cluster Split (80/20),ESM-2 (650M),XGBoost,Residual OOF (15%),0.19224790297012875
Cluster Split (80/20),ESM-2 (650M),SVR,Residual OOF (15%),0.15717401244330634
Cluster Split (80/20),ESM-2 (650M),MLP,Residual OOF (15%),0.16849013573249916
Cluster Split (80/20),ESM-2 (650M),Random Forest,Residual OOF (15%),0.17579935540100114
Cluster Split (80/20),ESM-2 (650M),KNN,Residual OOF (15%),0.1838112298302055
Cluster Split (80/20),ESM-2 (650M),Ridge,Residual OOF (20%),0.2552626142619365
Cluster Split (80/20),ESM-2 (650M),XGBoost,Residual OOF (20%),0.14310207578912582
Cluster Split (80/20),ESM-2 (650M),SVR,Residual OOF (20%),0.15072263807503913
Cluster Split (80/20),ESM-2 (650M),MLP,Residual OOF (20%),0.23604996329853145
Cluster Split (80/20),ESM-2 (650M),Random Forest,Residual OOF (20%),0.16700172860538706
Cluster Split (80/20),ESM-2 (650M),KNN,Residual OOF (20%),0.18580201226420318
Cluster Split (80/20),ESM-2 (650M),Ridge,Huber Robust (15%),0.22859949883187827
Cluster Split (80/20),ESM-2 (650M),XGBoost,Huber Robust (15%),0.12786919901618235
Cluster Split (80/20),ESM-2 (650M),SVR,Huber Robust (15%),0.14743945835217007
Cluster Split (80/20),ESM-2 (650M),MLP,Huber Robust (15%),0.17671552973163032
Cluster Split (80/20),ESM-2 (650M),Random Forest,Huber Robust (15%),0.12731636990411768
Cluster Split (80/20),ESM-2 (650M),KNN,Huber Robust (15%),0.21402276103842283
Cluster Split (80/20),ESM-2 (650M),Ridge,Activity Cliffs,-0.12095291822867575
Cluster Split (80/20),ESM-2 (650M),XGBoost,Activity Cliffs,-0.07786221620274018
Cluster Split (80/20),ESM-2 (650M),SVR,Activity Cliffs,-0.09174292292120695
Cluster Split (80/20),ESM-2 (650M),MLP,Activity Cliffs,-0.1303354999478389
Cluster Split (80/20),ESM-2 (650M),Random Forest,Activity Cliffs,-0.04530636806758716
Cluster Split (80/20),ESM-2 (650M),KNN,Activity Cliffs,-0.09503883788264154
Cluster Split (80/20),ESM-2 (650M),Ridge,Ensemble Variance (15%),0.28017613581735623
Cluster Split (80/20),ESM-2 (650M),XGBoost,Ensemble Variance (15%),0.22372456591798925
Cluster Split (80/20),ESM-2 (650M),SVR,Ensemble Variance (15%),0.1739399512108617
Cluster Split (80/20),ESM-2 (650M),MLP,Ensemble Variance (15%),0.1778042278569903
Cluster Split (80/20),ESM-2 (650M),Random Forest,Ensemble Variance (15%),0.17661430514316662
Cluster Split (80/20),ESM-2 (650M),KNN,Ensemble Variance (15%),0.256520083881357
Cluster Split (80/20),ESM-2 (35M),Ridge,Raw Data,0.19291667438227325
Cluster Split (80/20),ESM-2 (35M),XGBoost,Raw Data,0.15145892151599197
Cluster Split (80/20),ESM-2 (35M),SVR,Raw Data,0.15647319106791238
Cluster Split (80/20),ESM-2 (35M),MLP,Raw Data,0.20115092225172995
Cluster Split (80/20),ESM-2 (35M),Random Forest,Raw Data,0.15065494620648207
Cluster Split (80/20),ESM-2 (35M),KNN,Raw Data,0.1890970715910462
Cluster Split (80/20),ESM-2 (35M),Ridge,Residual OOF (10%),0.18775413174060623
Cluster Split (80/20),ESM-2 (35M),XGBoost,Residual OOF (10%),0.17510748999592568
Cluster Split (80/20),ESM-2 (35M),SVR,Residual OOF (10%),0.16389502547470844
Cluster Split (80/20),ESM-2 (35M),MLP,Residual OOF (10%),0.13958052382473368
Cluster Split (80/20),ESM-2 (35M),Random Forest,Residual OOF (10%),0.18830553278271106
Cluster Split (80/20),ESM-2 (35M),KNN,Residual OOF (10%),0.19079910098270683
Cluster Split (80/20),ESM-2 (35M),Ridge,Residual OOF (15%),0.1769655670114565
Cluster Split (80/20),ESM-2 (35M),XGBoost,Residual OOF (15%),0.17943521077438945
Cluster Split (80/20),ESM-2 (35M),SVR,Residual OOF (15%),0.1609257307126685
Cluster Split (80/20),ESM-2 (35M),MLP,Residual OOF (15%),0.19958491418491137
Cluster Split (80/20),ESM-2 (35M),Random Forest,Residual OOF (15%),0.19887875045574724
Cluster Split (80/20),ESM-2 (35M),KNN,Residual OOF (15%),0.18409454612244056
Cluster Split (80/20),ESM-2 (35M),Ridge,Residual OOF (20%),0.19067642321511163
Cluster Split (80/20),ESM-2 (35M),XGBoost,Residual OOF (20%),0.18963203611081067
Cluster Split (80/20),ESM-2 (35M),SVR,Residual OOF (20%),0.16680980700692766
Cluster Split (80/20),ESM-2 (35M),MLP,Residual OOF (20%),0.19011287576623614
Cluster Split (80/20),ESM-2 (35M),Random Forest,Residual OOF (20%),0.15834366926659077
Cluster Split (80/20),ESM-2 (35M),KNN,Residual OOF (20%),0.1572307269905221
Cluster Split (80/20),ESM-2 (35M),Ridge,Huber Robust (15%),0.21117077510329807
Cluster Split (80/20),ESM-2 (35M),XGBoost,Huber Robust (15%),0.17058194236555732
Cluster Split (80/20),ESM-2 (35M),SVR,Huber Robust (15%),0.16736635508372916
Cluster Split (80/20),ESM-2 (35M),MLP,Huber Robust (15%),0.19553359701586195
Cluster Split (80/20),ESM-2 (35M),Random Forest,Huber Robust (15%),0.1941205014920392
Cluster Split (80/20),ESM-2 (35M),KNN,Huber Robust (15%),0.18505817326597135
Cluster Split (80/20),ESM-2 (35M),Ridge,Activity Cliffs,-0.09220592279253784
Cluster Split (80/20),ESM-2 (35M),XGBoost,Activity Cliffs,-0.1581206574069146
Cluster Split (80/20),ESM-2 (35M),SVR,Activity Cliffs,-0.034761832946334226
Cluster Split (80/20),ESM-2 (35M),MLP,Activity Cliffs,-0.04975661693552623
Cluster Split (80/20),ESM-2 (35M),Random Forest,Activity Cliffs,-0.10990095516787242
Cluster Split (80/20),ESM-2 (35M),KNN,Activity Cliffs,-0.061074631364244326
Cluster Split (80/20),ESM-2 (35M),Ridge,Ensemble Variance (15%),0.20478846515451324
Cluster Split (80/20),ESM-2 (35M),XGBoost,Ensemble Variance (15%),0.11634337298450041
Cluster Split (80/20),ESM-2 (35M),SVR,Ensemble Variance (15%),0.15999899287990357
Cluster Split (80/20),ESM-2 (35M),MLP,Ensemble Variance (15%),0.1845861178232184
Cluster Split (80/20),ESM-2 (35M),Random Forest,Ensemble Variance (15%),0.13195210424125234
Cluster Split (80/20),ESM-2 (35M),KNN,Ensemble Variance (15%),0.22446460766716203
Cluster Split (80/20),ESM-2 (8M),Ridge,Raw Data,0.2634975849146519
Cluster Split (80/20),ESM-2 (8M),XGBoost,Raw Data,0.13722882656076846
Cluster Split (80/20),ESM-2 (8M),SVR,Raw Data,0.1859406038417823
Cluster Split (80/20),ESM-2 (8M),MLP,Raw Data,0.18729107211440313
Cluster Split (80/20),ESM-2 (8M),Random Forest,Raw Data,0.1490865869101725
Cluster Split (80/20),ESM-2 (8M),KNN,Raw Data,0.1408524580980289
Cluster Split (80/20),ESM-2 (8M),Ridge,Residual OOF (10%),0.22485544906400529
Cluster Split (80/20),ESM-2 (8M),XGBoost,Residual OOF (10%),0.20572847755526
Cluster Split (80/20),ESM-2 (8M),SVR,Residual OOF (10%),0.17714866349551187
Cluster Split (80/20),ESM-2 (8M),MLP,Residual OOF (10%),0.153072482111249
Cluster Split (80/20),ESM-2 (8M),Random Forest,Residual OOF (10%),0.17174919995015198
Cluster Split (80/20),ESM-2 (8M),KNN,Residual OOF (10%),0.11365693464944754
Cluster Split (80/20),ESM-2 (8M),Ridge,Residual OOF (15%),0.21928604810963875
Cluster Split (80/20),ESM-2 (8M),XGBoost,Residual OOF (15%),0.1761412963545584
Cluster Split (80/20),ESM-2 (8M),SVR,Residual OOF (15%),0.16433274578601162
Cluster Split (80/20),ESM-2 (8M),MLP,Residual OOF (15%),0.12523015386516165
Cluster Split (80/20),ESM-2 (8M),Random Forest,Residual OOF (15%),0.13864758017571316
Cluster Split (80/20),ESM-2 (8M),KNN,Residual OOF (15%),0.10565735935688049
Cluster Split (80/20),ESM-2 (8M),Ridge,Residual OOF (20%),0.22327110973967892
Cluster Split (80/20),ESM-2 (8M),XGBoost,Residual OOF (20%),0.18717359273477374
Cluster Split (80/20),ESM-2 (8M),SVR,Residual OOF (20%),0.1697881661195427
Cluster Split (80/20),ESM-2 (8M),MLP,Residual OOF (20%),0.18103799029774217
Cluster Split (80/20),ESM-2 (8M),Random Forest,Residual OOF (20%),0.14688964281720537
Cluster Split (80/20),ESM-2 (8M),KNN,Residual OOF (20%),0.10817482855921265
Cluster Split (80/20),ESM-2 (8M),Ridge,Huber Robust (15%),0.24440802831857864
Cluster Split (80/20),ESM-2 (8M),XGBoost,Huber Robust (15%),0.17496438890014457
Cluster Split (80/20),ESM-2 (8M),SVR,Huber Robust (15%),0.17874662857400084
Cluster Split (80/20),ESM-2 (8M),MLP,Huber Robust (15%),0.1405727131040189
Cluster Split (80/20),ESM-2 (8M),Random Forest,Huber Robust (15%),0.1974731699831453
Cluster Split (80/20),ESM-2 (8M),KNN,Huber Robust (15%),0.1428874492988151
Cluster Split (80/20),ESM-2 (8M),Ridge,Activity Cliffs,0.160759824615004
Cluster Split (80/20),ESM-2 (8M),XGBoost,Activity Cliffs,0.098601969134078
Cluster Split (80/20),ESM-2 (8M),SVR,Activity Cliffs,0.039103671889952916
Cluster Split (80/20),ESM-2 (8M),MLP,Activity Cliffs,-0.052275184088506066
Cluster Split (80/20),ESM-2 (8M),Random Forest,Activity Cliffs,0.008754294592338615
Cluster Split (80/20),ESM-2 (8M),KNN,Activity Cliffs,0.03158264691872963
Cluster Split (80/20),ESM-2 (8M),Ridge,Ensemble Variance (15%),0.26634159097739385
Cluster Split (80/20),ESM-2 (8M),XGBoost,Ensemble Variance (15%),0.15110424273438205
Cluster Split (80/20),ESM-2 (8M),SVR,Ensemble Variance (15%),0.19234294705793617
Cluster Split (80/20),ESM-2 (8M),MLP,Ensemble Variance (15%),0.20678021672021416
Cluster Split (80/20),ESM-2 (8M),Random Forest,Ensemble Variance (15%),0.1376909930416493
Cluster Split (80/20),ESM-2 (8M),KNN,Ensemble Variance (15%),0.1488402713042577
Cluster Split (80/20),Ankh Base,Ridge,Raw Data,0.20866846270803166
Cluster Split (80/20),Ankh Base,XGBoost,Raw Data,0.09627587339773447
Cluster Split (80/20),Ankh Base,SVR,Raw Data,0.2040512274914047
Cluster Split (80/20),Ankh Base,MLP,Raw Data,0.22529212778188593
Cluster Split (80/20),Ankh Base,Random Forest,Raw Data,0.1644675232930526
Cluster Split (80/20),Ankh Base,KNN,Raw Data,0.18491706719365072
Cluster Split (80/20),Ankh Base,Ridge,Residual OOF (10%),0.19054002386703126
Cluster Split (80/20),Ankh Base,XGBoost,Residual OOF (10%),0.11013052939949762
Cluster Split (80/20),Ankh Base,SVR,Residual OOF (10%),0.17872067719551302
Cluster Split (80/20),Ankh Base,MLP,Residual OOF (10%),0.1914067780724259
Cluster Split (80/20),Ankh Base,Random Forest,Residual OOF (10%),0.1698572880948864
Cluster Split (80/20),Ankh Base,KNN,Residual OOF (10%),0.15975814946959174
Cluster Split (80/20),Ankh Base,Ridge,Residual OOF (15%),0.1764157868963158
Cluster Split (80/20),Ankh Base,XGBoost,Residual OOF (15%),0.15223598753544815
Cluster Split (80/20),Ankh Base,SVR,Residual OOF (15%),0.16708644393717328
Cluster Split (80/20),Ankh Base,MLP,Residual OOF (15%),0.18456300910278123
Cluster Split (80/20),Ankh Base,Random Forest,Residual OOF (15%),0.13780932108725133
Cluster Split (80/20),Ankh Base,KNN,Residual OOF (15%),0.15394275256086665
Cluster Split (80/20),Ankh Base,Ridge,Residual OOF (20%),0.18747600282465401
Cluster Split (80/20),Ankh Base,XGBoost,Residual OOF (20%),0.14484783006546884
Cluster Split (80/20),Ankh Base,SVR,Residual OOF (20%),0.1754201875611268
Cluster Split (80/20),Ankh Base,MLP,Residual OOF (20%),0.2022385204588759
Cluster Split (80/20),Ankh Base,Random Forest,Residual OOF (20%),0.13835394176857813
Cluster Split (80/20),Ankh Base,KNN,Residual OOF (20%),0.14871615388919737
Cluster Split (80/20),Ankh Base,Ridge,Huber Robust (15%),0.20035837650818264
Cluster Split (80/20),Ankh Base,XGBoost,Huber Robust (15%),0.1398699858178347
Cluster Split (80/20),Ankh Base,SVR,Huber Robust (15%),0.18229639684214893
Cluster Split (80/20),Ankh Base,MLP,Huber Robust (15%),0.23025959252209477
Cluster Split (80/20),Ankh Base,Random Forest,Huber Robust (15%),0.19687804215353752
Cluster Split (80/20),Ankh Base,KNN,Huber Robust (15%),0.18312314209225866
Cluster Split (80/20),Ankh Base,Ridge,Activity Cliffs,0.2090193169141184
Cluster Split (80/20),Ankh Base,XGBoost,Activity Cliffs,0.12374940819218193
Cluster Split (80/20),Ankh Base,SVR,Activity Cliffs,0.20538355567174685
Cluster Split (80/20),Ankh Base,MLP,Activity Cliffs,0.1945738602493115
Cluster Split (80/20),Ankh Base,Random Forest,Activity Cliffs,0.16910120842903087
Cluster Split (80/20),Ankh Base,KNN,Activity Cliffs,0.1943205273492222
Cluster Split (80/20),Ankh Base,Ridge,Ensemble Variance (15%),0.2083666007685359
Cluster Split (80/20),Ankh Base,XGBoost,Ensemble Variance (15%),0.18700883566766646
Cluster Split (80/20),Ankh Base,SVR,Ensemble Variance (15%),0.16909638600424637
Cluster Split (80/20),Ankh Base,MLP,Ensemble Variance (15%),0.21950203983301672
Cluster Split (80/20),Ankh Base,Random Forest,Ensemble Variance (15%),0.1695396890802883
Cluster Split (80/20),Ankh Base,KNN,Ensemble Variance (15%),0.21290343530155847
Cluster Split (80/20),Fused (ProtT5 + ESM2),Ridge,Raw Data,0.3402703196376135
Cluster Split (80/20),Fused (ProtT5 + ESM2),XGBoost,Raw Data,0.22776269037200783
Cluster Split (80/20),Fused (ProtT5 + ESM2),SVR,Raw Data,0.1855754658487925
Cluster Split (80/20),Fused (ProtT5 + ESM2),MLP,Raw Data,0.1400411213340017
Cluster Split (80/20),Fused (ProtT5 + ESM2),Random Forest,Raw Data,0.2280769932757076
Cluster Split (80/20),Fused (ProtT5 + ESM2),KNN,Raw Data,0.2366237096398856
Cluster Split (80/20),Fused (ProtT5 + ESM2),Ridge,Residual OOF (10%),0.3336855285483365
Cluster Split (80/20),Fused (ProtT5 + ESM2),XGBoost,Residual OOF (10%),0.15178659869624095
Cluster Split (80/20),Fused (ProtT5 + ESM2),SVR,Residual OOF (10%),0.18958889342156945
Cluster Split (80/20),Fused (ProtT5 + ESM2),MLP,Residual OOF (10%),0.3153989080275959
Cluster Split (80/20),Fused (ProtT5 + ESM2),Random Forest,Residual OOF (10%),0.19939617941084561
Cluster Split (80/20),Fused (ProtT5 + ESM2),KNN,Residual OOF (10%),0.23159857392291017
Cluster Split (80/20),Fused (ProtT5 + ESM2),Ridge,Residual OOF (15%),0.33342552415252136
Cluster Split (80/20),Fused (ProtT5 + ESM2),XGBoost,Residual OOF (15%),0.22991570449460047
Cluster Split (80/20),Fused (ProtT5 + ESM2),SVR,Residual OOF (15%),0.18695379213665528
Cluster Split (80/20),Fused (ProtT5 + ESM2),MLP,Residual OOF (15%),0.2860357845234814
Cluster Split (80/20),Fused (ProtT5 + ESM2),Random Forest,Residual OOF (15%),0.20683110024664275
Cluster Split (80/20),Fused (ProtT5 + ESM2),KNN,Residual OOF (15%),0.2130693538844072
Cluster Split (80/20),Fused (ProtT5 + ESM2),Ridge,Residual OOF (20%),0.3060525883784459
Cluster Split (80/20),Fused (ProtT5 + ESM2),XGBoost,Residual OOF (20%),0.19153619473173375
Cluster Split (80/20),Fused (ProtT5 + ESM2),SVR,Residual OOF (20%),0.18146262258081503
Cluster Split (80/20),Fused (ProtT5 + ESM2),MLP,Residual OOF (20%),0.2974235598149924
Cluster Split (80/20),Fused (ProtT5 + ESM2),Random Forest,Residual OOF (20%),0.1964577652541853
Cluster Split (80/20),Fused (ProtT5 + ESM2),KNN,Residual OOF (20%),0.18443226984333244
Cluster Split (80/20),Fused (ProtT5 + ESM2),Ridge,Huber Robust (15%),0.2936736766448216
Cluster Split (80/20),Fused (ProtT5 + ESM2),XGBoost,Huber Robust (15%),0.1517942823613385
Cluster Split (80/20),Fused (ProtT5 + ESM2),SVR,Huber Robust (15%),0.15557047555556602
Cluster Split (80/20),Fused (ProtT5 + ESM2),MLP,Huber Robust (15%),0.13318426926758467
Cluster Split (80/20),Fused (ProtT5 + ESM2),Random Forest,Huber Robust (15%),0.12525723353389107
Cluster Split (80/20),Fused (ProtT5 + ESM2),KNN,Huber Robust (15%),0.196087053948813
Cluster Split (80/20),Fused (ProtT5 + ESM2),Ridge,Activity Cliffs,-0.11061270664230499
Cluster Split (80/20),Fused (ProtT5 + ESM2),XGBoost,Activity Cliffs,-0.02362896415632494
Cluster Split (80/20),Fused (ProtT5 + ESM2),SVR,Activity Cliffs,-0.041733682951972446
Cluster Split (80/20),Fused (ProtT5 + ESM2),MLP,Activity Cliffs,-0.1096352225027389
Cluster Split (80/20),Fused (ProtT5 + ESM2),Random Forest,Activity Cliffs,-0.013801238279840236
Cluster Split (80/20),Fused (ProtT5 + ESM2),KNN,Activity Cliffs,-0.06721630322652691
Cluster Split (80/20),Fused (ProtT5 + ESM2),Ridge,Ensemble Variance (15%),0.3546606226640542
Cluster Split (80/20),Fused (ProtT5 + ESM2),XGBoost,Ensemble Variance (15%),0.21463934941176013
Cluster Split (80/20),Fused (ProtT5 + ESM2),SVR,Ensemble Variance (15%),0.1936855531702555
Cluster Split (80/20),Fused (ProtT5 + ESM2),MLP,Ensemble Variance (15%),0.2688865353442135
Cluster Split (80/20),Fused (ProtT5 + ESM2),Random Forest,Ensemble Variance (15%),0.1723880802070661
Cluster Split (80/20),Fused (ProtT5 + ESM2),KNN,Ensemble Variance (15%),0.23669099992959905
DataSAIL Split (80/20),ProtT5-XL,Ridge,Raw Data,0.3271874665474843
DataSAIL Split (80/20),ProtT5-XL,XGBoost,Raw Data,0.23950970840153926
DataSAIL Split (80/20),ProtT5-XL,SVR,Raw Data,0.2653179553001922
DataSAIL Split (80/20),ProtT5-XL,MLP,Raw Data,0.15264598150280784
DataSAIL Split (80/20),ProtT5-XL,Random Forest,Raw Data,0.22276129358293745
DataSAIL Split (80/20),ProtT5-XL,KNN,Raw Data,0.26941989476278194
DataSAIL Split (80/20),ProtT5-XL,Ridge,Residual OOF (10%),0.32914809098878867
DataSAIL Split (80/20),ProtT5-XL,XGBoost,Residual OOF (10%),0.1875159008703768
DataSAIL Split (80/20),ProtT5-XL,SVR,Residual OOF (10%),0.2612609060315759
DataSAIL Split (80/20),ProtT5-XL,MLP,Residual OOF (10%),0.3296269006171679
DataSAIL Split (80/20),ProtT5-XL,Random Forest,Residual OOF (10%),0.24376251517352965
DataSAIL Split (80/20),ProtT5-XL,KNN,Residual OOF (10%),0.25222118532837184
DataSAIL Split (80/20),ProtT5-XL,Ridge,Residual OOF (15%),0.30187515601282305
DataSAIL Split (80/20),ProtT5-XL,XGBoost,Residual OOF (15%),0.17071917498380704
DataSAIL Split (80/20),ProtT5-XL,SVR,Residual OOF (15%),0.242312547694961
DataSAIL Split (80/20),ProtT5-XL,MLP,Residual OOF (15%),0.3131754040960439
DataSAIL Split (80/20),ProtT5-XL,Random Forest,Residual OOF (15%),0.21623258840351364
DataSAIL Split (80/20),ProtT5-XL,KNN,Residual OOF (15%),0.22652352028848602
DataSAIL Split (80/20),ProtT5-XL,Ridge,Residual OOF (20%),0.28709751245681964
DataSAIL Split (80/20),ProtT5-XL,XGBoost,Residual OOF (20%),0.17134689654532648
DataSAIL Split (80/20),ProtT5-XL,SVR,Residual OOF (20%),0.24172280064416674
DataSAIL Split (80/20),ProtT5-XL,MLP,Residual OOF (20%),0.23598948082551488
DataSAIL Split (80/20),ProtT5-XL,Random Forest,Residual OOF (20%),0.22053846699775823
DataSAIL Split (80/20),ProtT5-XL,KNN,Residual OOF (20%),0.21171578342218567
DataSAIL Split (80/20),ProtT5-XL,Ridge,Huber Robust (15%),0.28077695948002507
DataSAIL Split (80/20),ProtT5-XL,XGBoost,Huber Robust (15%),0.1599937242088153
DataSAIL Split (80/20),ProtT5-XL,SVR,Huber Robust (15%),0.225467796132423
DataSAIL Split (80/20),ProtT5-XL,MLP,Huber Robust (15%),0.21493752461787785
DataSAIL Split (80/20),ProtT5-XL,Random Forest,Huber Robust (15%),0.1778555074480019
DataSAIL Split (80/20),ProtT5-XL,KNN,Huber Robust (15%),0.1932313623024089
DataSAIL Split (80/20),ProtT5-XL,Ridge,Activity Cliffs,0.3141171692360618
DataSAIL Split (80/20),ProtT5-XL,XGBoost,Activity Cliffs,0.19524172030464795
DataSAIL Split (80/20),ProtT5-XL,SVR,Activity Cliffs,0.26259749998624504
DataSAIL Split (80/20),ProtT5-XL,MLP,Activity Cliffs,0.26411241883731673
DataSAIL Split (80/20),ProtT5-XL,Random Forest,Activity Cliffs,0.19192370813144696
DataSAIL Split (80/20),ProtT5-XL,KNN,Activity Cliffs,0.25558729102579086
DataSAIL Split (80/20),ProtT5-XL,Ridge,Ensemble Variance (15%),0.33476669231129064
DataSAIL Split (80/20),ProtT5-XL,XGBoost,Ensemble Variance (15%),0.19333370280922796
DataSAIL Split (80/20),ProtT5-XL,SVR,Ensemble Variance (15%),0.24516993314820373
DataSAIL Split (80/20),ProtT5-XL,MLP,Ensemble Variance (15%),0.288686713311106
DataSAIL Split (80/20),ProtT5-XL,Random Forest,Ensemble Variance (15%),0.1893775863278119
DataSAIL Split (80/20),ProtT5-XL,KNN,Ensemble Variance (15%),0.2753448866193622
DataSAIL Split (80/20),ESM-2 (650M),Ridge,Raw Data,0.28215747135454483
DataSAIL Split (80/20),ESM-2 (650M),XGBoost,Raw Data,0.16292631062165597
DataSAIL Split (80/20),ESM-2 (650M),SVR,Raw Data,0.1630709752245188
DataSAIL Split (80/20),ESM-2 (650M),MLP,Raw Data,0.17240165974090207
DataSAIL Split (80/20),ESM-2 (650M),Random Forest,Raw Data,0.17986211698805213
DataSAIL Split (80/20),ESM-2 (650M),KNN,Raw Data,0.21698765456581137
DataSAIL Split (80/20),ESM-2 (650M),Ridge,Residual OOF (10%),0.27510009110166284
DataSAIL Split (80/20),ESM-2 (650M),XGBoost,Residual OOF (10%),0.15190530012881273
DataSAIL Split (80/20),ESM-2 (650M),SVR,Residual OOF (10%),0.16572106187917487
DataSAIL Split (80/20),ESM-2 (650M),MLP,Residual OOF (10%),0.24351580925617144
DataSAIL Split (80/20),ESM-2 (650M),Random Forest,Residual OOF (10%),0.17284749129565666
DataSAIL Split (80/20),ESM-2 (650M),KNN,Residual OOF (10%),0.24338013961081817
DataSAIL Split (80/20),ESM-2 (650M),Ridge,Residual OOF (15%),0.2631362627155933
DataSAIL Split (80/20),ESM-2 (650M),XGBoost,Residual OOF (15%),0.19224790297012875
DataSAIL Split (80/20),ESM-2 (650M),SVR,Residual OOF (15%),0.15717401244330634
DataSAIL Split (80/20),ESM-2 (650M),MLP,Residual OOF (15%),0.16849013573249916
DataSAIL Split (80/20),ESM-2 (650M),Random Forest,Residual OOF (15%),0.1757993554010014
DataSAIL Split (80/20),ESM-2 (650M),KNN,Residual OOF (15%),0.1838112298302055
DataSAIL Split (80/20),ESM-2 (650M),Ridge,Residual OOF (20%),0.2552626142619365
DataSAIL Split (80/20),ESM-2 (650M),XGBoost,Residual OOF (20%),0.14310207578912582
DataSAIL Split (80/20),ESM-2 (650M),SVR,Residual OOF (20%),0.15072263807503913
DataSAIL Split (80/20),ESM-2 (650M),MLP,Residual OOF (20%),0.23604996329853145
DataSAIL Split (80/20),ESM-2 (650M),Random Forest,Residual OOF (20%),0.1670017286053872
DataSAIL Split (80/20),ESM-2 (650M),KNN,Residual OOF (20%),0.18580201226420318
DataSAIL Split (80/20),ESM-2 (650M),Ridge,Huber Robust (15%),0.22859949883187827
DataSAIL Split (80/20),ESM-2 (650M),XGBoost,Huber Robust (15%),0.12786919901618235
DataSAIL Split (80/20),ESM-2 (650M),SVR,Huber Robust (15%),0.14743945835217007
DataSAIL Split (80/20),ESM-2 (650M),MLP,Huber Robust (15%),0.17671552973163032
DataSAIL Split (80/20),ESM-2 (650M),Random Forest,Huber Robust (15%),0.12731636990411746
DataSAIL Split (80/20),ESM-2 (650M),KNN,Huber Robust (15%),0.21402276103842283
DataSAIL Split (80/20),ESM-2 (650M),Ridge,Activity Cliffs,-0.12095291822867575
DataSAIL Split (80/20),ESM-2 (650M),XGBoost,Activity Cliffs,-0.07786221620274018
DataSAIL Split (80/20),ESM-2 (650M),SVR,Activity Cliffs,-0.09174292292120695
DataSAIL Split (80/20),ESM-2 (650M),MLP,Activity Cliffs,-0.1303354999478389
DataSAIL Split (80/20),ESM-2 (650M),Random Forest,Activity Cliffs,-0.04530636806758802
DataSAIL Split (80/20),ESM-2 (650M),KNN,Activity Cliffs,-0.09503883788264154
DataSAIL Split (80/20),ESM-2 (650M),Ridge,Ensemble Variance (15%),0.28017613581735623
DataSAIL Split (80/20),ESM-2 (650M),XGBoost,Ensemble Variance (15%),0.22372456591798925
DataSAIL Split (80/20),ESM-2 (650M),SVR,Ensemble Variance (15%),0.1739399512108617
DataSAIL Split (80/20),ESM-2 (650M),MLP,Ensemble Variance (15%),0.1778042278569903
DataSAIL Split (80/20),ESM-2 (650M),Random Forest,Ensemble Variance (15%),0.17661430514316653
DataSAIL Split (80/20),ESM-2 (650M),KNN,Ensemble Variance (15%),0.256520083881357
DataSAIL Split (80/20),ESM-2 (35M),Ridge,Raw Data,0.19291667438227325
DataSAIL Split (80/20),ESM-2 (35M),XGBoost,Raw Data,0.15145892151599197
DataSAIL Split (80/20),ESM-2 (35M),SVR,Raw Data,0.15647319106791238
DataSAIL Split (80/20),ESM-2 (35M),MLP,Raw Data,0.20115092225172995
DataSAIL Split (80/20),ESM-2 (35M),Random Forest,Raw Data,0.15065494620648198
DataSAIL Split (80/20),ESM-2 (35M),KNN,Raw Data,0.1890970715910462
DataSAIL Split (80/20),ESM-2 (35M),Ridge,Residual OOF (10%),0.18775413174060623
DataSAIL Split (80/20),ESM-2 (35M),XGBoost,Residual OOF (10%),0.17510748999592568
DataSAIL Split (80/20),ESM-2 (35M),SVR,Residual OOF (10%),0.16389502547470844
DataSAIL Split (80/20),ESM-2 (35M),MLP,Residual OOF (10%),0.13958052382473368
DataSAIL Split (80/20),ESM-2 (35M),Random Forest,Residual OOF (10%),0.18830553278271114
DataSAIL Split (80/20),ESM-2 (35M),KNN,Residual OOF (10%),0.19079910098270683
DataSAIL Split (80/20),ESM-2 (35M),Ridge,Residual OOF (15%),0.1769655670114565
DataSAIL Split (80/20),ESM-2 (35M),XGBoost,Residual OOF (15%),0.17943521077438945
DataSAIL Split (80/20),ESM-2 (35M),SVR,Residual OOF (15%),0.1609257307126685
DataSAIL Split (80/20),ESM-2 (35M),MLP,Residual OOF (15%),0.19958491418491137
DataSAIL Split (80/20),ESM-2 (35M),Random Forest,Residual OOF (15%),0.19887875045574752
DataSAIL Split (80/20),ESM-2 (35M),KNN,Residual OOF (15%),0.18409454612244056
DataSAIL Split (80/20),ESM-2 (35M),Ridge,Residual OOF (20%),0.19067642321511163
DataSAIL Split (80/20),ESM-2 (35M),XGBoost,Residual OOF (20%),0.18963203611081067
DataSAIL Split (80/20),ESM-2 (35M),SVR,Residual OOF (20%),0.16680980700692766
DataSAIL Split (80/20),ESM-2 (35M),MLP,Residual OOF (20%),0.19011287576623614
DataSAIL Split (80/20),ESM-2 (35M),Random Forest,Residual OOF (20%),0.1583436692665908
DataSAIL Split (80/20),ESM-2 (35M),KNN,Residual OOF (20%),0.1572307269905221
DataSAIL Split (80/20),ESM-2 (35M),Ridge,Huber Robust (15%),0.21117077510329807
DataSAIL Split (80/20),ESM-2 (35M),XGBoost,Huber Robust (15%),0.17058194236555732
DataSAIL Split (80/20),ESM-2 (35M),SVR,Huber Robust (15%),0.16736635508372916
DataSAIL Split (80/20),ESM-2 (35M),MLP,Huber Robust (15%),0.19553359701586195
DataSAIL Split (80/20),ESM-2 (35M),Random Forest,Huber Robust (15%),0.19412050149203885
DataSAIL Split (80/20),ESM-2 (35M),KNN,Huber Robust (15%),0.18505817326597135
DataSAIL Split (80/20),ESM-2 (35M),Ridge,Activity Cliffs,-0.09220592279253784
DataSAIL Split (80/20),ESM-2 (35M),XGBoost,Activity Cliffs,-0.1581206574069146
DataSAIL Split (80/20),ESM-2 (35M),SVR,Activity Cliffs,-0.034761832946334226
DataSAIL Split (80/20),ESM-2 (35M),MLP,Activity Cliffs,-0.04975661693552623
DataSAIL Split (80/20),ESM-2 (35M),Random Forest,Activity Cliffs,-0.109900955167872
DataSAIL Split (80/20),ESM-2 (35M),KNN,Activity Cliffs,-0.061074631364244326
DataSAIL Split (80/20),ESM-2 (35M),Ridge,Ensemble Variance (15%),0.20478846515451324
DataSAIL Split (80/20),ESM-2 (35M),XGBoost,Ensemble Variance (15%),0.11634337298450041
DataSAIL Split (80/20),ESM-2 (35M),SVR,Ensemble Variance (15%),0.15999899287990357
DataSAIL Split (80/20),ESM-2 (35M),MLP,Ensemble Variance (15%),0.1845861178232184
DataSAIL Split (80/20),ESM-2 (35M),Random Forest,Ensemble Variance (15%),0.13195210424125214
DataSAIL Split (80/20),ESM-2 (35M),KNN,Ensemble Variance (15%),0.22446460766716203
DataSAIL Split (80/20),ESM-2 (8M),Ridge,Raw Data,0.2634975849146519
DataSAIL Split (80/20),ESM-2 (8M),XGBoost,Raw Data,0.13722882656076846
DataSAIL Split (80/20),ESM-2 (8M),SVR,Raw Data,0.1859406038417823
DataSAIL Split (80/20),ESM-2 (8M),MLP,Raw Data,0.18729107211440313
DataSAIL Split (80/20),ESM-2 (8M),Random Forest,Raw Data,0.14908658691017246
DataSAIL Split (80/20),ESM-2 (8M),KNN,Raw Data,0.1408524580980289
DataSAIL Split (80/20),ESM-2 (8M),Ridge,Residual OOF (10%),0.22485544906400529
DataSAIL Split (80/20),ESM-2 (8M),XGBoost,Residual OOF (10%),0.20572847755526
DataSAIL Split (80/20),ESM-2 (8M),SVR,Residual OOF (10%),0.17714866349551187
DataSAIL Split (80/20),ESM-2 (8M),MLP,Residual OOF (10%),0.153072482111249
DataSAIL Split (80/20),ESM-2 (8M),Random Forest,Residual OOF (10%),0.17174919995015187
DataSAIL Split (80/20),ESM-2 (8M),KNN,Residual OOF (10%),0.11365693464944754
DataSAIL Split (80/20),ESM-2 (8M),Ridge,Residual OOF (15%),0.21928604810963875
DataSAIL Split (80/20),ESM-2 (8M),XGBoost,Residual OOF (15%),0.1761412963545584
DataSAIL Split (80/20),ESM-2 (8M),SVR,Residual OOF (15%),0.16433274578601162
DataSAIL Split (80/20),ESM-2 (8M),MLP,Residual OOF (15%),0.12523015386516165
DataSAIL Split (80/20),ESM-2 (8M),Random Forest,Residual OOF (15%),0.13864758017571313
DataSAIL Split (80/20),ESM-2 (8M),KNN,Residual OOF (15%),0.10565735935688049
DataSAIL Split (80/20),ESM-2 (8M),Ridge,Residual OOF (20%),0.22327110973967892
DataSAIL Split (80/20),ESM-2 (8M),XGBoost,Residual OOF (20%),0.18717359273477374
DataSAIL Split (80/20),ESM-2 (8M),SVR,Residual OOF (20%),0.1697881661195427
DataSAIL Split (80/20),ESM-2 (8M),MLP,Residual OOF (20%),0.18103799029774217
DataSAIL Split (80/20),ESM-2 (8M),Random Forest,Residual OOF (20%),0.14688964281720576
DataSAIL Split (80/20),ESM-2 (8M),KNN,Residual OOF (20%),0.10817482855921265
DataSAIL Split (80/20),ESM-2 (8M),Ridge,Huber Robust (15%),0.24440802831857864
DataSAIL Split (80/20),ESM-2 (8M),XGBoost,Huber Robust (15%),0.17496438890014457
DataSAIL Split (80/20),ESM-2 (8M),SVR,Huber Robust (15%),0.17874662857400084
DataSAIL Split (80/20),ESM-2 (8M),MLP,Huber Robust (15%),0.1405727131040189
DataSAIL Split (80/20),ESM-2 (8M),Random Forest,Huber Robust (15%),0.197473169983145
DataSAIL Split (80/20),ESM-2 (8M),KNN,Huber Robust (15%),0.1428874492988151
DataSAIL Split (80/20),ESM-2 (8M),Ridge,Activity Cliffs,0.160759824615004
DataSAIL Split (80/20),ESM-2 (8M),XGBoost,Activity Cliffs,0.098601969134078
DataSAIL Split (80/20),ESM-2 (8M),SVR,Activity Cliffs,0.039103671889952916
DataSAIL Split (80/20),ESM-2 (8M),MLP,Activity Cliffs,-0.052275184088506066
DataSAIL Split (80/20),ESM-2 (8M),Random Forest,Activity Cliffs,0.008754294592338603
DataSAIL Split (80/20),ESM-2 (8M),KNN,Activity Cliffs,0.03158264691872963
DataSAIL Split (80/20),ESM-2 (8M),Ridge,Ensemble Variance (15%),0.26634159097739385
DataSAIL Split (80/20),ESM-2 (8M),XGBoost,Ensemble Variance (15%),0.15110424273438205
DataSAIL Split (80/20),ESM-2 (8M),SVR,Ensemble Variance (15%),0.19234294705793617
DataSAIL Split (80/20),ESM-2 (8M),MLP,Ensemble Variance (15%),0.20678021672021416
DataSAIL Split (80/20),ESM-2 (8M),Random Forest,Ensemble Variance (15%),0.13769099304164922
DataSAIL Split (80/20),ESM-2 (8M),KNN,Ensemble Variance (15%),0.1488402713042577
DataSAIL Split (80/20),Ankh Base,Ridge,Raw Data,0.20866846270803166
DataSAIL Split (80/20),Ankh Base,XGBoost,Raw Data,0.09627587339773447
DataSAIL Split (80/20),Ankh Base,SVR,Raw Data,0.2040512274914047
DataSAIL Split (80/20),Ankh Base,MLP,Raw Data,0.22529212778188593
DataSAIL Split (80/20),Ankh Base,Random Forest,Raw Data,0.16446752329305234
DataSAIL Split (80/20),Ankh Base,KNN,Raw Data,0.18491706719365072
DataSAIL Split (80/20),Ankh Base,Ridge,Residual OOF (10%),0.19054002386703126
DataSAIL Split (80/20),Ankh Base,XGBoost,Residual OOF (10%),0.11013052939949762
DataSAIL Split (80/20),Ankh Base,SVR,Residual OOF (10%),0.17872067719551302
DataSAIL Split (80/20),Ankh Base,MLP,Residual OOF (10%),0.1914067780724259
DataSAIL Split (80/20),Ankh Base,Random Forest,Residual OOF (10%),0.16985728809488682
DataSAIL Split (80/20),Ankh Base,KNN,Residual OOF (10%),0.15975814946959174
DataSAIL Split (80/20),Ankh Base,Ridge,Residual OOF (15%),0.1764157868963158
DataSAIL Split (80/20),Ankh Base,XGBoost,Residual OOF (15%),0.15223598753544815
DataSAIL Split (80/20),Ankh Base,SVR,Residual OOF (15%),0.16708644393717328
DataSAIL Split (80/20),Ankh Base,MLP,Residual OOF (15%),0.18456300910278123
DataSAIL Split (80/20),Ankh Base,Random Forest,Residual OOF (15%),0.13780932108725155
DataSAIL Split (80/20),Ankh Base,KNN,Residual OOF (15%),0.15394275256086665
DataSAIL Split (80/20),Ankh Base,Ridge,Residual OOF (20%),0.18747600282465401
DataSAIL Split (80/20),Ankh Base,XGBoost,Residual OOF (20%),0.14484783006546884
DataSAIL Split (80/20),Ankh Base,SVR,Residual OOF (20%),0.1754201875611268
DataSAIL Split (80/20),Ankh Base,MLP,Residual OOF (20%),0.2022385204588759
DataSAIL Split (80/20),Ankh Base,Random Forest,Residual OOF (20%),0.1383539417685781
DataSAIL Split (80/20),Ankh Base,KNN,Residual OOF (20%),0.14871615388919737
DataSAIL Split (80/20),Ankh Base,Ridge,Huber Robust (15%),0.20035837650818264
DataSAIL Split (80/20),Ankh Base,XGBoost,Huber Robust (15%),0.1398699858178347
DataSAIL Split (80/20),Ankh Base,SVR,Huber Robust (15%),0.18229639684214893
DataSAIL Split (80/20),Ankh Base,MLP,Huber Robust (15%),0.23025959252209477
DataSAIL Split (80/20),Ankh Base,Random Forest,Huber Robust (15%),0.19687804215353782
DataSAIL Split (80/20),Ankh Base,KNN,Huber Robust (15%),0.18312314209225866
DataSAIL Split (80/20),Ankh Base,Ridge,Activity Cliffs,0.2090193169141184
DataSAIL Split (80/20),Ankh Base,XGBoost,Activity Cliffs,0.12374940819218193
DataSAIL Split (80/20),Ankh Base,SVR,Activity Cliffs,0.20538355567174685
DataSAIL Split (80/20),Ankh Base,MLP,Activity Cliffs,0.1945738602493115
DataSAIL Split (80/20),Ankh Base,Random Forest,Activity Cliffs,0.1691012084290309
DataSAIL Split (80/20),Ankh Base,KNN,Activity Cliffs,0.1943205273492222
DataSAIL Split (80/20),Ankh Base,Ridge,Ensemble Variance (15%),0.2083666007685359
DataSAIL Split (80/20),Ankh Base,XGBoost,Ensemble Variance (15%),0.18700883566766646
DataSAIL Split (80/20),Ankh Base,SVR,Ensemble Variance (15%),0.16909638600424637
DataSAIL Split (80/20),Ankh Base,MLP,Ensemble Variance (15%),0.21950203983301672
DataSAIL Split (80/20),Ankh Base,Random Forest,Ensemble Variance (15%),0.169539689080288
DataSAIL Split (80/20),Ankh Base,KNN,Ensemble Variance (15%),0.21290343530155847
DataSAIL Split (80/20),Fused (ProtT5 + ESM2),Ridge,Raw Data,0.3402703196376135
DataSAIL Split (80/20),Fused (ProtT5 + ESM2),XGBoost,Raw Data,0.22776269037200783
DataSAIL Split (80/20),Fused (ProtT5 + ESM2),SVR,Raw Data,0.1855754658487925
DataSAIL Split (80/20),Fused (ProtT5 + ESM2),MLP,Raw Data,0.1400411213340017
DataSAIL Split (80/20),Fused (ProtT5 + ESM2),Random Forest,Raw Data,0.22807699327570707
DataSAIL Split (80/20),Fused (ProtT5 + ESM2),KNN,Raw Data,0.2366237096398856
DataSAIL Split (80/20),Fused (ProtT5 + ESM2),Ridge,Residual OOF (10%),0.3336855285483365
DataSAIL Split (80/20),Fused (ProtT5 + ESM2),XGBoost,Residual OOF (10%),0.15178659869624095
DataSAIL Split (80/20),Fused (ProtT5 + ESM2),SVR,Residual OOF (10%),0.18958889342156945
DataSAIL Split (80/20),Fused (ProtT5 + ESM2),MLP,Residual OOF (10%),0.3153989080275959
DataSAIL Split (80/20),Fused (ProtT5 + ESM2),Random Forest,Residual OOF (10%),0.1993961794108455
DataSAIL Split (80/20),Fused (ProtT5 + ESM2),KNN,Residual OOF (10%),0.23159857392291017
DataSAIL Split (80/20),Fused (ProtT5 + ESM2),Ridge,Residual OOF (15%),0.33342552415252136
DataSAIL Split (80/20),Fused (ProtT5 + ESM2),XGBoost,Residual OOF (15%),0.22991570449460047
DataSAIL Split (80/20),Fused (ProtT5 + ESM2),SVR,Residual OOF (15%),0.18695379213665528
DataSAIL Split (80/20),Fused (ProtT5 + ESM2),MLP,Residual OOF (15%),0.2860357845234814
DataSAIL Split (80/20),Fused (ProtT5 + ESM2),Random Forest,Residual OOF (15%),0.20683110024664292
DataSAIL Split (80/20),Fused (ProtT5 + ESM2),KNN,Residual OOF (15%),0.2130693538844072
DataSAIL Split (80/20),Fused (ProtT5 + ESM2),Ridge,Residual OOF (20%),0.3060525883784459
DataSAIL Split (80/20),Fused (ProtT5 + ESM2),XGBoost,Residual OOF (20%),0.19153619473173375
DataSAIL Split (80/20),Fused (ProtT5 + ESM2),SVR,Residual OOF (20%),0.18146262258081503
DataSAIL Split (80/20),Fused (ProtT5 + ESM2),MLP,Residual OOF (20%),0.2974235598149924
DataSAIL Split (80/20),Fused (ProtT5 + ESM2),Random Forest,Residual OOF (20%),0.1964577652541853
DataSAIL Split (80/20),Fused (ProtT5 + ESM2),KNN,Residual OOF (20%),0.18443226984333244
DataSAIL Split (80/20),Fused (ProtT5 + ESM2),Ridge,Huber Robust (15%),0.2936736766448216
DataSAIL Split (80/20),Fused (ProtT5 + ESM2),XGBoost,Huber Robust (15%),0.1517942823613385
DataSAIL Split (80/20),Fused (ProtT5 + ESM2),SVR,Huber Robust (15%),0.15557047555556602
DataSAIL Split (80/20),Fused (ProtT5 + ESM2),MLP,Huber Robust (15%),0.13318426926758467
DataSAIL Split (80/20),Fused (ProtT5 + ESM2),Random Forest,Huber Robust (15%),0.125257233533891
DataSAIL Split (80/20),Fused (ProtT5 + ESM2),KNN,Huber Robust (15%),0.196087053948813
DataSAIL Split (80/20),Fused (ProtT5 + ESM2),Ridge,Activity Cliffs,-0.11061270664230499
DataSAIL Split (80/20),Fused (ProtT5 + ESM2),XGBoost,Activity Cliffs,-0.02362896415632494
DataSAIL Split (80/20),Fused (ProtT5 + ESM2),SVR,Activity Cliffs,-0.041733682951972446
DataSAIL Split (80/20),Fused (ProtT5 + ESM2),MLP,Activity Cliffs,-0.1096352225027389
DataSAIL Split (80/20),Fused (ProtT5 + ESM2),Random Forest,Activity Cliffs,-0.013801238279840315
DataSAIL Split (80/20),Fused (ProtT5 + ESM2),KNN,Activity Cliffs,-0.06721630322652691
DataSAIL Split (80/20),Fused (ProtT5 + ESM2),Ridge,Ensemble Variance (15%),0.3546606226640542
DataSAIL Split (80/20),Fused (ProtT5 + ESM2),XGBoost,Ensemble Variance (15%),0.21463934941176013
DataSAIL Split (80/20),Fused (ProtT5 + ESM2),SVR,Ensemble Variance (15%),0.1936855531702555
DataSAIL Split (80/20),Fused (ProtT5 + ESM2),MLP,Ensemble Variance (15%),0.2688865353442135
DataSAIL Split (80/20),Fused (ProtT5 + ESM2),Random Forest,Ensemble Variance (15%),0.1723880802070659
DataSAIL Split (80/20),Fused (ProtT5 + ESM2),KNN,Ensemble Variance (15%),0.23669099992959905
